flight_date,flight_id,airline,flight_number,tail_number,operation,origin,destination,terminal,aircraft_type,scheduled_time,scheduled_min,actual_min,actual_taxi_min,wheels_time_min,delay_min,distance_mi,actual_time
2024-07-01,F0001,DL,2685,N345NW,ARR,AUS,JFK,T4,narrow,00:01,1,1430.0,13.0,1417.0,-11.0,1521.0,
2024-07-01,F0002,DL,1387,N341NB,ARR,MSY,JFK,T4,narrow,00:03,3,1417.0,10.0,1407.0,-26.0,1182.0,
2024-07-01,F0003,DL,697,N540DE,ARR,SLC,JFK,T4,narrow,00:13,13,1420.0,12.0,1408.0,-33.0,1990.0,
2024-07-01,F0004,F9,3548,N394FR,ARR,SJU,JFK,T4,narrow,00:15,15,29.0,13.0,16.0,14.0,1598.0,
2024-07-01,F0005,B6,2202,N809JB,ARR,FLL,JFK,T5,narrow,00:16,16,66.0,6.0,60.0,50.0,1069.0,
2024-07-01,F0006,DL,446,N511DE,ARR,SEA,JFK,T4,narrow,00:36,36,20.0,10.0,10.0,-16.0,2422.0,
2024-07-01,F0007,AA,2973,N359PX,ARR,MIA,JFK,T8,narrow,00:43,43,122.0,11.0,111.0,79.0,1089.0,
2024-07-01,F0008,DL,680,N702TW,ARR,SFO,JFK,T4,narrow,00:45,45,9.0,10.0,1439.0,-36.0,2586.0,
2024-07-01,F0009,B6,524,N944JT,ARR,LAX,JFK,T5,narrow,00:47,47,14.0,3.0,11.0,-33.0,2475.0,
2024-07-01,F0010,DL,938,N171DN,ARR,LAX,JFK,T4,narrow,00:54,54,34.0,15.0,19.0,-20.0,2475.0,
2024-07-01,F0011,B6,1004,N995JL,ARR,SJU,JFK,T5,narrow,01:13,73,61.0,6.0,55.0,-12.0,1598.0,
2024-07-01,F0012,B6,738,N656JB,ARR,BQN,JFK,T5,narrow,01:59,119,133.0,9.0,124.0,14.0,1576.0,
2024-07-01,F0013,B6,1114,N976JT,ARR,LAX,JFK,T5,narrow,05:00,300,282.0,6.0,276.0,-18.0,2475.0,
2024-07-01,F0014,B6,1190,N978JB,ARR,SAN,JFK,T5,narrow,05:02,302,321.0,14.0,307.0,19.0,2446.0,
2024-07-01,F0015,B6,2416,N937JB,ARR,SFO,JFK,T5,narrow,05:04,304,498.0,9.0,489.0,194.0,2586.0,
2024-07-01,F0016,B6,2348,N942JB,ARR,LAS,JFK,T5,narrow,05:04,304,276.0,10.0,266.0,-28.0,2248.0,
2024-07-01,F0017,B6,1603,N995JL,DEP,JFK,SJU,T5,narrow,05:05,305,307.0,16.0,323.0,2.0,1598.0,05:07
2024-07-01,F0018,B6,123,N2151J,DEP,JFK,LAX,T5,narrow,05:20,320,462.0,23.0,485.0,142.0,2475.0,07:42
2024-07-01,F0019,B6,372,N583JB,ARR,SLC,JFK,T5,narrow,05:22,322,322.0,9.0,313.0,0.0,1990.0,
2024-07-01,F0020,B6,358,N3115J,ARR,BUR,JFK,T5,narrow,05:29,329,417.0,6.0,411.0,88.0,2465.0,
2024-07-01,F0021,AA,1032,N954NN,DEP,JFK,MIA,T8,narrow,05:30,330,,,,,1089.0,
2024-07-01,F0022,B6,601,N527JL,DEP,JFK,FLL,T5,narrow,05:40,340,336.0,16.0,352.0,-4.0,1069.0,05:36
2024-07-01,F0023,B6,98,N562JB,ARR,DEN,JFK,T5,narrow,05:44,344,329.0,4.0,325.0,-15.0,1626.0,
2024-07-01,F0024,DL,409,N175DN,ARR,LAX,JFK,T4,narrow,05:45,345,363.0,8.0,355.0,18.0,2475.0,
2024-07-01,F0025,DL,679,N722TW,ARR,SFO,JFK,T4,narrow,05:57,357,344.0,13.0,331.0,-13.0,2586.0,
2024-07-01,F0026,B6,66,N3139J,ARR,ABQ,JFK,T5,narrow,05:59,359,402.0,7.0,395.0,43.0,1826.0,
2024-07-01,F0027,AA,892,N864NN,DEP,JFK,CLT,T8,narrow,05:59,359,357.0,25.0,382.0,-2.0,541.0,05:57
2024-07-01,F0028,F9,3547,N394FR,DEP,JFK,SJU,T4,narrow,05:59,359,578.0,29.0,607.0,219.0,1598.0,09:38
2024-07-01,F0029,DL,2751,N330DX,ARR,DEN,JFK,T4,narrow,06:00,360,328.0,9.0,319.0,-32.0,1626.0,
2024-07-01,F0030,AA,1,N104NN,DEP,JFK,LAX,T8,narrow,06:00,360,358.0,30.0,388.0,-2.0,2475.0,05:58
2024-07-01,F0031,B6,1073,N3194J,DEP,JFK,BNA,T5,narrow,06:00,360,360.0,11.0,371.0,0.0,765.0,06:00
2024-07-01,F0032,DL,2286,N3748Y,DEP,JFK,ATL,T4,narrow,06:00,360,360.0,20.0,380.0,0.0,760.0,06:00
2024-07-01,F0033,B6,953,N3157J,DEP,JFK,PBI,T5,narrow,06:00,360,368.0,17.0,385.0,8.0,1028.0,06:08
2024-07-01,F0034,B6,281,N608JB,DEP,JFK,IAH,T5,narrow,06:00,360,357.0,17.0,374.0,-3.0,1417.0,05:57
2024-07-01,F0035,DL,778,N580DT,ARR,LAS,JFK,T4,narrow,06:00,360,344.0,9.0,335.0,-16.0,2248.0,
2024-07-01,F0036,AS,22,N535AS,ARR,SEA,JFK,T7,narrow,06:00,360,381.0,7.0,374.0,21.0,2422.0,
2024-07-01,F0037,B6,519,N3185J,DEP,JFK,ATL,T5,narrow,06:03,363,365.0,18.0,383.0,2.0,760.0,06:05
2024-07-01,F0038,YX,5765,N217JQ,DEP,JFK,BOS,T8,narrow,06:05,365,376.0,19.0,395.0,11.0,187.0,06:16
2024-07-01,F0039,AA,10,N112AN,ARR,LAX,JFK,T8,narrow,06:07,367,346.0,9.0,337.0,-21.0,2475.0,
2024-07-01,F0040,DL,892,N803DN,DEP,JFK,SLC,T4,narrow,06:15,375,453.0,18.0,471.0,78.0,1990.0,07:33
2024-07-01,F0041,AA,76,N102NN,DEP,JFK,SFO,T8,narrow,06:15,375,369.0,18.0,387.0,-6.0,2586.0,06:09
2024-07-01,F0042,DL,705,N578DN,ARR,SLC,JFK,T4,narrow,06:29,389,384.0,6.0,378.0,-5.0,1990.0,
2024-07-01,F0043,YX,5603,N209JQ,ARR,PWM,JFK,T8,narrow,06:29,389,372.0,9.0,363.0,-17.0,273.0,
2024-07-01,F0044,B6,1529,N3044J,DEP,JFK,RSW,T5,narrow,06:30,390,394.0,17.0,411.0,4.0,1074.0,06:34
2024-07-01,F0045,B6,136,N3123J,ARR,PHX,JFK,T5,narrow,06:30,390,391.0,15.0,376.0,1.0,2153.0,
2024-07-01,F0046,B6,2285,N3125J,DEP,JFK,RDU,T5,narrow,06:30,390,386.0,15.0,401.0,-4.0,427.0,06:26
2024-07-01,F0047,B6,1903,N834JB,DEP,JFK,SJU,T5,narrow,06:30,390,384.0,13.0,397.0,-6.0,1598.0,06:24
2024-07-01,F0048,B6,2293,N970JB,DEP,JFK,MIA,T5,narrow,06:30,390,387.0,17.0,404.0,-3.0,1089.0,06:27
2024-07-01,F0049,B6,917,N3156J,ARR,BOS,JFK,T5,narrow,06:30,390,375.0,4.0,371.0,-15.0,187.0,
2024-07-01,F0050,B6,2725,N2039J,DEP,JFK,TPA,T5,narrow,06:30,390,390.0,16.0,406.0,0.0,1005.0,06:30
2024-07-01,F0051,AA,1280,N339SU,ARR,PHX,JFK,T8,narrow,06:35,395,511.0,10.0,501.0,116.0,2153.0,
2024-07-01,F0052,AA,1487,N335SN,DEP,JFK,PHX,T8,narrow,06:45,405,400.0,18.0,418.0,-5.0,2153.0,06:40
2024-07-01,F0053,DL,960,N176DZ,ARR,LAX,JFK,T4,narrow,06:45,405,411.0,8.0,403.0,6.0,2475.0,
2024-07-01,F0054,9E,5176,N678CA,ARR,BTV,JFK,T4,narrow,06:51,411,,,,,266.0,
2024-07-01,F0055,DL,2390,N108DQ,DEP,JFK,MSP,T4,narrow,06:55,415,577.0,15.0,592.0,162.0,1029.0,09:37
2024-07-01,F0056,B6,189,N988JT,DEP,JFK,SAN,T5,narrow,06:55,415,404.0,18.0,422.0,-11.0,2446.0,06:44
2024-07-01,F0057,DL,548,N546DN,ARR,PHX,JFK,T4,narrow,06:58,418,417.0,9.0,408.0,-1.0,2153.0,
2024-07-01,F0058,DL,709,N542DE,ARR,SAN,JFK,T4,narrow,06:59,419,394.0,7.0,387.0,-25.0,2446.0,
2024-07-01,F0059,AA,2131,N350RV,DEP,JFK,MIA,T8,narrow,06:59,419,417.0,34.0,451.0,-2.0,1089.0,06:57
2024-07-01,F0060,B6,163,N729JB,DEP,JFK,SRQ,T5,narrow,06:59,419,414.0,12.0,426.0,-5.0,1041.0,06:54
2024-07-01,F0061,9E,5265,N310PQ,ARR,ITH,JFK,T4,narrow,07:00,420,477.0,8.0,469.0,57.0,189.0,
2024-07-01,F0062,DL,2320,N3759,DEP,JFK,RSW,T4,narrow,07:00,420,865.0,15.0,880.0,445.0,1074.0,14:25
2024-07-01,F0063,DL,1528,N886DN,DEP,JFK,MIA,T4,narrow,07:00,420,417.0,14.0,431.0,-3.0,1089.0,06:57
2024-07-01,F0064,AS,33,N407AS,DEP,JFK,SFO,T7,narrow,07:00,420,415.0,23.0,438.0,-5.0,2586.0,06:55
2024-07-01,F0065,B6,201,N3112J,ARR,BUF,JFK,T5,narrow,07:00,420,413.0,8.0,405.0,-7.0,301.0,
2024-07-01,F0066,9E,5318,N348PQ,ARR,ROC,JFK,T4,narrow,07:00,420,427.0,7.0,420.0,7.0,264.0,
2024-07-01,F0067,AA,276,N111ZM,ARR,SFO,JFK,T8,narrow,07:00,420,383.0,12.0,371.0,-37.0,2586.0,
2024-07-01,F0068,YX,5810,N208JQ,ARR,BUF,JFK,T8,narrow,07:00,420,436.0,8.0,428.0,16.0,301.0,
2024-07-01,F0069,DL,2042,N834DN,DEP,JFK,TPA,T4,narrow,07:00,420,419.0,28.0,447.0,-1.0,1005.0,06:59
2024-07-01,F0070,9E,5363,N195PQ,ARR,SYR,JFK,T4,narrow,07:00,420,,,,,209.0,
2024-07-01,F0071,DL,742,N712TW,DEP,JFK,LAX,T4,narrow,07:00,420,419.0,23.0,442.0,-1.0,2475.0,06:59
2024-07-01,F0072,AA,2966,N9010R,DEP,JFK,STT,T8,narrow,07:00,420,415.0,18.0,433.0,-5.0,1623.0,06:55
2024-07-01,F0073,DL,699,N530DE,DEP,JFK,SEA,T4,narrow,07:00,420,417.0,19.0,436.0,-3.0,2422.0,06:57
2024-07-01,F0074,DL,668,N723TW,DEP,JFK,SFO,T4,narrow,07:00,420,420.0,19.0,439.0,0.0,2586.0,07:00
2024-07-01,F0075,B6,2015,N945JT,DEP,JFK,SFO,T5,narrow,07:00,420,506.0,25.0,531.0,86.0,2586.0,08:26
2024-07-01,F0076,AS,607,N804AK,ARR,ANC,JFK,T7,narrow,07:03,423,413.0,9.0,404.0,-10.0,3386.0,
2024-07-01,F0077,DL,2049,N369DN,DEP,JFK,MCO,T4,narrow,07:05,425,,,,,944.0,
2024-07-01,F0078,DL,1230,N3752,DEP,JFK,AUS,T4,narrow,07:05,425,709.0,22.0,731.0,284.0,1521.0,11:49
2024-07-01,F0079,AS,36,N278AK,ARR,SAN,JFK,T7,narrow,07:06,426,427.0,21.0,406.0,1.0,2446.0,
2024-07-01,F0080,AA,33,N103NN,DEP,JFK,LAX,T8,narrow,07:15,435,429.0,19.0,448.0,-6.0,2475.0,07:09
2024-07-01,F0081,9E,5425,N228PQ,ARR,BWI,JFK,T4,narrow,07:20,440,529.0,19.0,510.0,89.0,184.0,
2024-07-01,F0082,YX,5842,N205JQ,ARR,DCA,JFK,T8,narrow,07:20,440,,,,,213.0,
2024-07-01,F0083,9E,4925,N304PQ,DEP,JFK,JAX,T4,narrow,07:20,440,,,,,828.0,
2024-07-01,F0084,B6,1285,N3118J,ARR,ROC,JFK,T5,narrow,07:22,442,440.0,10.0,430.0,-2.0,264.0,
2024-07-01,F0085,DL,1132,N534DT,ARR,PDX,JFK,T4,narrow,07:25,445,444.0,14.0,430.0,-1.0,2454.0,
2024-07-01,F0086,HA,50,N375HA,ARR,HNL,JFK,T4,narrow,07:25,445,466.0,23.0,443.0,21.0,4983.0,
2024-07-01,F0087,DL,2611,N115DU,ARR,BOS,JFK,T4,narrow,07:25,445,429.0,9.0,420.0,-16.0,187.0,
2024-07-01,F0088,YX,4360,N409YX,ARR,ORF,JFK,T8,narrow,07:28,448,430.0,7.0,423.0,-18.0,290.0,
2024-07-01,F0089,DL,452,N536DN,ARR,SEA,JFK,T4,narrow,07:29,449,433.0,10.0,423.0,-16.0,2422.0,
2024-07-01,F0090,YX,4587,N438YX,ARR,PIT,JFK,T8,narrow,07:29,449,427.0,5.0,422.0,-22.0,340.0,
2024-07-01,F0091,YX,4805,N106HQ,ARR,RDU,JFK,T8,narrow,07:29,449,436.0,6.0,430.0,-13.0,427.0,
2024-07-01,F0092,B6,411,N991JT,DEP,JFK,LAS,T5,narrow,07:30,450,,,,,2248.0,
2024-07-01,F0093,B6,677,N3156J,DEP,JFK,JAX,T5,narrow,07:30,450,447.0,25.0,472.0,-3.0,828.0,07:27
2024-07-01,F0094,DL,670,N711ZX,ARR,SFO,JFK,T4,narrow,07:30,450,433.0,8.0,425.0,-17.0,2586.0,
2024-07-01,F0095,9E,5080,N294PQ,DEP,JFK,DTW,T4,narrow,07:30,450,447.0,43.0,490.0,-3.0,509.0,07:27
2024-07-01,F0096,B6,341,N708JB,DEP,JFK,SAV,T5,narrow,07:30,450,445.0,16.0,461.0,-5.0,718.0,07:25
2024-07-01,F0097,B6,508,N329JB,DEP,JFK,PWM,T5,narrow,07:30,450,505.0,51.0,556.0,55.0,273.0,08:25
2024-07-01,F0098,B6,746,N703JB,ARR,PSE,JFK,T5,narrow,07:30,450,,,,,1617.0,
2024-07-01,F0099,DL,795,N577DN,DEP,JFK,LAS,T4,narrow,07:30,450,446.0,19.0,465.0,-4.0,2248.0,07:26
2024-07-01,F0100,AS,31,N538AS,DEP,JFK,SEA,T7,narrow,07:30,450,447.0,19.0,466.0,-3.0,2422.0,07:27
2024-07-01,F0101,9E,5356,N933XJ,ARR,ORF,JFK,T4,narrow,07:30,450,505.0,6.0,499.0,55.0,290.0,
2024-07-01,F0102,DL,2018,N3744F,DEP,JFK,PBI,T4,narrow,07:30,450,456.0,23.0,479.0,6.0,1028.0,07:36
2024-07-01,F0103,DL,1877,N550DN,DEP,JFK,SJU,T4,narrow,07:35,455,497.0,24.0,521.0,42.0,1598.0,08:17
2024-07-01,F0104,AS,38,N495AS,ARR,SFO,JFK,T7,narrow,07:40,460,460.0,13.0,447.0,0.0,2586.0,
2024-07-01,F0105,DL,1422,N366DX,DEP,JFK,FLL,T4,narrow,07:40,460,490.0,22.0,512.0,30.0,1069.0,08:10
2024-07-01,F0106,YX,4538,N111HQ,DEP,JFK,DCA,T8,narrow,07:45,465,535.0,18.0,553.0,70.0,213.0,08:55
2024-07-01,F0107,B6,162,N903JB,ARR,SMF,JFK,T5,narrow,07:49,469,487.0,6.0,481.0,18.0,2521.0,
2024-07-01,F0108,B6,264,N983JT,ARR,SEA,JFK,T5,narrow,07:50,470,475.0,15.0,460.0,5.0,2422.0,
2024-07-01,F0109,AA,1610,N313SB,DEP,JFK,MIA,T8,narrow,07:57,477,476.0,20.0,496.0,-1.0,1089.0,07:56
2024-07-01,F0110,AA,1444,N119NN,DEP,JFK,CLT,T8,narrow,07:58,478,482.0,17.0,499.0,4.0,541.0,08:02
2024-07-01,F0111,YX,4357,N105HQ,ARR,BOS,JFK,T8,narrow,07:59,479,455.0,7.0,448.0,-24.0,187.0,
2024-07-01,F0112,AS,26,N912AK,ARR,SEA,JFK,T7,narrow,07:59,479,486.0,6.0,480.0,7.0,2422.0,
2024-07-01,F0113,B6,1187,N3123J,ARR,BOS,JFK,T5,narrow,07:59,479,471.0,5.0,466.0,-8.0,187.0,
2024-07-01,F0114,B6,80,N636JB,ARR,RNO,JFK,T5,narrow,07:59,479,468.0,11.0,457.0,-11.0,2411.0,
2024-07-01,F0115,YX,5856,N208JQ,DEP,JFK,RIC,T8,narrow,08:00,480,562.0,17.0,579.0,82.0,288.0,09:22
2024-07-01,F0116,B6,1083,N595JB,DEP,JFK,MCO,T5,narrow,08:00,480,488.0,31.0,519.0,8.0,944.0,08:08
2024-07-01,F0117,9E,5052,N348PQ,DEP,JFK,CLT,T4,narrow,08:00,480,474.0,19.0,493.0,-6.0,541.0,07:54
2024-07-01,F0118,B6,723,N929JB,DEP,JFK,LAX,T5,narrow,08:00,480,544.0,24.0,568.0,64.0,2475.0,09:04
2024-07-01,F0119,DL,2227,N722TW,DEP,JFK,ATL,T4,narrow,08:00,480,480.0,24.0,504.0,0.0,760.0,08:00
2024-07-01,F0120,DL,1368,N322NB,DEP,JFK,MSY,T4,narrow,08:00,480,488.0,34.0,522.0,8.0,1182.0,08:08
2024-07-01,F0121,9E,4820,N325PQ,DEP,JFK,MCI,T4,narrow,08:00,480,,,,,1113.0,
2024-07-01,F0122,DL,713,N188DN,DEP,JFK,LAX,T4,narrow,08:00,480,490.0,48.0,538.0,10.0,2475.0,08:10
2024-07-01,F0123,B6,75,N3138J,DEP,JFK,MSY,T5,narrow,08:00,480,527.0,20.0,547.0,47.0,1182.0,08:47
2024-07-01,F0124,B6,2718,N991JT,DEP,JFK,BOS,T5,narrow,08:00,480,510.0,18.0,528.0,30.0,187.0,08:30
2024-07-01,F0125,AA,860,N905AN,DEP,JFK,DFW,T8,narrow,08:00,480,,,,,1391.0,
2024-07-01,F0126,B6,2473,N3185J,DEP,JFK,CHS,T5,narrow,08:00,480,,,,,636.0,
2024-07-01,F0127,DL,1166,N369NW,DEP,JFK,SAT,T4,narrow,08:02,482,481.0,44.0,525.0,-1.0,1587.0,08:01
2024-07-01,F0128,9E,5015,N304PQ,DEP,JFK,CHS,T4,narrow,08:05,485,524.0,14.0,538.0,39.0,636.0,08:44
2024-07-01,F0129,DL,532,N350DN,DEP,JFK,DEN,T4,narrow,08:05,485,482.0,33.0,515.0,-3.0,1626.0,08:02
2024-07-01,F0130,B6,948,N2151J,ARR,LAS,JFK,T5,narrow,08:05,485,533.0,8.0,525.0,48.0,2248.0,
2024-07-01,F0131,9E,4965,N195PQ,DEP,JFK,SAV,T4,narrow,08:05,485,480.0,29.0,509.0,-5.0,718.0,08:00
2024-07-01,F0132,B6,1105,N3118J,DEP,JFK,ORD,T5,narrow,08:07,487,482.0,22.0,504.0,-5.0,740.0,08:02
2024-07-01,F0133,9E,5239,N932XJ,ARR,RDU,JFK,T4,narrow,08:09,489,471.0,8.0,463.0,-18.0,427.0,
2024-07-01,F0134,OO,3926,N253SY,ARR,CLE,JFK,T4,narrow,08:10,490,481.0,13.0,468.0,-9.0,425.0,
2024-07-01,F0135,DL,1930,N696DL,DEP,JFK,STT,T4,narrow,08:10,490,483.0,22.0,505.0,-7.0,1623.0,08:03
2024-07-01,F0136,AA,2819,N957NN,DEP,JFK,ORD,T8,narrow,08:15,495,492.0,18.0,510.0,-3.0,740.0,08:12
2024-07-01,F0137,AA,28,N104NN,ARR,LAX,JFK,T8,narrow,08:18,498,487.0,22.0,465.0,-11.0,2475.0,
2024-07-01,F0138,B6,1316,N993JE,ARR,LAX,JFK,T5,narrow,08:20,500,511.0,13.0,498.0,11.0,2475.0,
2024-07-01,F0139,DL,791,N576DN,DEP,JFK,PHX,T4,narrow,08:20,500,639.0,23.0,662.0,139.0,2153.0,10:39
2024-07-01,F0140,B6,2154,N972JT,ARR,ONT,JFK,T5,narrow,08:22,502,482.0,11.0,471.0,-20.0,2429.0,
2024-07-01,F0141,AA,179,N106NN,DEP,JFK,SFO,T8,narrow,08:23,503,502.0,20.0,522.0,-1.0,2586.0,08:22
2024-07-01,F0142,B6,1601,N956JT,DEP,JFK,FLL,T5,narrow,08:25,505,600.0,24.0,624.0,95.0,1069.0,10:00
2024-07-01,F0143,9E,4897,N480PX,ARR,CLT,JFK,T4,narrow,08:30,510,498.0,12.0,486.0,-12.0,541.0,
2024-07-01,F0144,DL,683,N579DT,DEP,JFK,SAN,T4,narrow,08:30,510,512.0,29.0,541.0,2.0,2446.0,08:32
2024-07-01,F0145,DL,356,N115DU,DEP,JFK,DFW,T4,narrow,08:30,510,507.0,27.0,534.0,-3.0,1391.0,08:27
2024-07-01,F0146,AA,842,N724UW,DEP,JFK,AUS,T8,narrow,08:30,510,504.0,24.0,528.0,-6.0,1521.0,08:24
2024-07-01,F0147,YX,5705,N209JQ,DEP,JFK,ORD,T8,narrow,08:30,510,502.0,25.0,527.0,-8.0,740.0,08:22
2024-07-01,F0148,DL,915,N172DN,ARR,LAX,JFK,T4,narrow,08:31,511,496.0,9.0,487.0,-15.0,2475.0,
2024-07-01,F0149,B6,884,N639JB,ARR,MCO,JFK,T5,narrow,08:40,520,672.0,5.0,667.0,152.0,944.0,
2024-07-01,F0150,DL,352,N518DQ,DEP,JFK,PDX,T4,narrow,08:40,520,553.0,20.0,573.0,33.0,2454.0,09:13
2024-07-01,F0151,B6,2001,N3104J,ARR,BUF,JFK,T5,narrow,08:41,521,521.0,13.0,508.0,0.0,301.0,
2024-07-01,F0152,9E,5436,N310PQ,DEP,JFK,SYR,T4,narrow,08:45,525,537.0,20.0,557.0,12.0,209.0,08:57
2024-07-01,F0153,DL,2693,N334DN,ARR,MCO,JFK,T4,narrow,08:45,525,522.0,16.0,506.0,-3.0,944.0,
2024-07-01,F0154,YX,4376,N106HQ,DEP,JFK,BOS,T8,narrow,08:45,525,520.0,17.0,537.0,-5.0,187.0,08:40
2024-07-01,F0155,B6,1902,N599JB,ARR,FLL,JFK,T5,narrow,08:53,533,,,,,1069.0,
2024-07-01,F0156,B6,2404,N593JB,ARR,BQN,JFK,T5,narrow,08:54,534,620.0,5.0,615.0,86.0,1576.0,
2024-07-01,F0157,9E,4985,N932XJ,DEP,JFK,CVG,T4,narrow,08:59,539,537.0,25.0,562.0,-2.0,589.0,08:57
2024-07-01,F0158,B6,2304,N612JB,ARR,SJU,JFK,T5,narrow,08:59,539,529.0,6.0,523.0,-10.0,1598.0,
2024-07-01,F0159,DL,190,N187DN,ARR,HNL,JFK,T4,narrow,09:00,540,526.0,11.0,515.0,-14.0,4983.0,
2024-07-01,F0160,B6,323,N989JT,DEP,JFK,LAX,T5,narrow,09:00,540,528.0,22.0,550.0,-12.0,2475.0,08:48
2024-07-01,F0161,B6,1602,N3139J,DEP,JFK,BUF,T5,narrow,09:00,540,590.0,25.0,615.0,50.0,301.0,09:50
2024-07-01,F0162,B6,2091,N354JB,DEP,JFK,ACK,T5,narrow,09:00,540,534.0,15.0,549.0,-6.0,199.0,08:54
2024-07-01,F0163,AS,35,N464AS,DEP,JFK,SAN,T7,narrow,09:00,540,678.0,17.0,695.0,138.0,2446.0,11:18
2024-07-01,F0164,9E,4800,N935XJ,ARR,CHS,JFK,T4,narrow,09:00,540,540.0,19.0,521.0,0.0,636.0,
2024-07-01,F0165,9E,5097,N187GJ,DEP,JFK,RDU,T4,narrow,09:00,540,547.0,14.0,561.0,7.0,427.0,09:07
2024-07-01,F0166,DL,669,N713TW,DEP,JFK,SFO,T4,narrow,09:00,540,537.0,22.0,559.0,-3.0,2586.0,08:57
2024-07-01,F0167,YX,5804,N242JQ,ARR,PIT,JFK,T8,narrow,09:00,540,530.0,10.0,520.0,-10.0,340.0,
2024-07-01,F0168,OO,3785,N253SY,DEP,JFK,BNA,T4,narrow,09:00,540,535.0,21.0,556.0,-5.0,765.0,08:55
2024-07-01,F0169,9E,5216,N197PQ,ARR,DTW,JFK,T4,narrow,09:00,540,522.0,7.0,515.0,-18.0,509.0,
2024-07-01,F0170,9E,5531,N903XJ,ARR,BGR,JFK,T4,narrow,09:00,540,550.0,32.0,518.0,10.0,382.0,
2024-07-01,F0171,9E,5535,N331PQ,DEP,JFK,BUF,T4,narrow,09:00,540,537.0,22.0,559.0,-3.0,301.0,08:57
2024-07-01,F0172,DL,767,N693DL,DEP,JFK,LAX,T4,narrow,09:00,540,548.0,32.0,580.0,8.0,2475.0,09:08
2024-07-01,F0173,YX,5656,N236JQ,ARR,CMH,JFK,T8,narrow,09:03,543,537.0,13.0,524.0,-6.0,483.0,
2024-07-01,F0174,AA,976,N108NN,DEP,JFK,SNA,T8,narrow,09:05,545,539.0,35.0,574.0,-6.0,2454.0,08:59
2024-07-01,F0175,9E,4932,N930XJ,ARR,IND,JFK,T4,narrow,09:09,549,536.0,8.0,528.0,-13.0,665.0,
2024-07-01,F0176,B6,725,N3123J,DEP,JFK,SAT,T5,narrow,09:10,550,543.0,22.0,565.0,-7.0,1587.0,09:03
2024-07-01,F0177,YX,5683,N214JQ,DEP,JFK,CMH,T8,narrow,09:15,555,564.0,38.0,602.0,9.0,483.0,09:24
2024-07-01,F0178,9E,5032,N135EV,ARR,SAV,JFK,T4,narrow,09:17,557,550.0,20.0,530.0,-7.0,718.0,
2024-07-01,F0179,9E,4976,N480PX,DEP,JFK,IND,T4,narrow,09:20,560,552.0,32.0,584.0,-8.0,665.0,09:12
2024-07-01,F0180,B6,183,N2086J,DEP,JFK,MCO,T5,narrow,09:20,560,555.0,18.0,573.0,-5.0,944.0,09:15
2024-07-01,F0181,B6,1,N606JB,DEP,JFK,FLL,T5,narrow,09:25,565,562.0,26.0,588.0,-3.0,1069.0,09:22
2024-07-01,F0182,AA,3,N101NN,DEP,JFK,LAX,T8,narrow,09:25,565,597.0,29.0,626.0,32.0,2475.0,09:57
2024-07-01,F0183,YX,4315,N438YX,DEP,JFK,CMH,T8,narrow,09:27,567,563.0,30.0,593.0,-4.0,483.0,09:23
2024-07-01,F0184,AA,682,N323SG,ARR,MIA,JFK,T8,narrow,09:29,569,549.0,9.0,540.0,-20.0,1089.0,
2024-07-01,F0185,YX,4570,N128HQ,ARR,IND,JFK,T8,narrow,09:30,570,559.0,13.0,546.0,-11.0,665.0,
2024-07-01,F0186,AS,21,N801AK,DEP,JFK,SEA,T7,narrow,09:40,580,818.0,21.0,839.0,238.0,2422.0,13:38
2024-07-01,F0187,YX,4338,N105HQ,DEP,JFK,CVG,T8,narrow,09:40,580,574.0,40.0,614.0,-6.0,589.0,09:34
2024-07-01,F0188,B6,115,N985JT,DEP,JFK,SFO,T5,narrow,09:40,580,573.0,36.0,609.0,-7.0,2586.0,09:33
2024-07-01,F0189,AS,615,N804AK,DEP,JFK,ANC,T7,narrow,09:45,585,735.0,23.0,758.0,150.0,3386.0,12:15
2024-07-01,F0190,9E,5341,N935XJ,DEP,JFK,ROC,T4,narrow,09:50,590,588.0,20.0,608.0,-2.0,264.0,09:48
2024-07-01,F0191,YX,5733,N242JQ,DEP,JFK,BOS,T8,narrow,09:50,590,582.0,22.0,604.0,-8.0,187.0,09:42
2024-07-01,F0192,9E,5086,N903XJ,DEP,JFK,PIT,T4,narrow,09:50,590,594.0,34.0,628.0,4.0,340.0,09:54
2024-07-01,F0193,B6,1497,N612JB,DEP,JFK,DEN,T5,narrow,09:50,590,590.0,29.0,619.0,0.0,1626.0,09:50
2024-07-01,F0194,B6,1184,N998JE,ARR,MCO,JFK,T5,narrow,09:54,594,595.0,8.0,587.0,1.0,944.0,
2024-07-01,F0195,DL,2428,N898DN,ARR,MIA,JFK,T4,narrow,09:54,594,621.0,11.0,610.0,27.0,1089.0,
2024-07-01,F0196,DL,2019,N334DN,DEP,JFK,MCO,T4,narrow,09:55,595,656.0,23.0,679.0,61.0,944.0,10:56
2024-07-01,F0197,YX,5750,N236JQ,DEP,JFK,DCA,T8,narrow,09:55,595,592.0,31.0,623.0,-3.0,213.0,09:52
2024-07-01,F0198,B6,154,N641JB,ARR,PBI,JFK,T5,narrow,09:55,595,578.0,8.0,570.0,-17.0,1028.0,
2024-07-01,F0199,YX,4362,N119HQ,DEP,JFK,ORF,T8,narrow,09:59,599,626.0,14.0,640.0,27.0,290.0,10:26
2024-07-01,F0200,9E,5018,N930XJ,DEP,JFK,CLE,T4,narrow,09:59,599,594.0,31.0,625.0,-5.0,425.0,09:54
2024-07-01,F0201,AA,380,N991NN,ARR,CLT,JFK,T8,narrow,10:00,600,609.0,10.0,599.0,9.0,541.0,
2024-07-01,F0202,DL,1029,N678DL,DEP,JFK,ATL,T4,narrow,10:00,600,1113.0,24.0,1137.0,513.0,760.0,18:33
2024-07-01,F0203,B6,2123,N2105J,DEP,JFK,LAX,T5,narrow,10:00,600,596.0,33.0,629.0,-4.0,2475.0,09:56
2024-07-01,F0204,DL,2420,N702TW,ARR,ATL,JFK,T4,narrow,10:00,600,579.0,7.0,572.0,-21.0,760.0,
2024-07-01,F0205,HA,51,N385HA,DEP,JFK,HNL,T5,narrow,10:00,600,598.0,37.0,635.0,-2.0,4983.0,09:58
2024-07-01,F0206,9E,5287,N678CA,DEP,JFK,BTV,T4,narrow,10:08,608,,,,,266.0,
2024-07-01,F0207,DL,2165,N128DN,ARR,FLL,JFK,T4,narrow,10:08,608,,,,,1069.0,
2024-07-01,F0208,F9,3546,N622FR,ARR,SJU,JFK,T4,narrow,10:08,608,608.0,17.0,591.0,0.0,1598.0,
2024-07-01,F0209,9E,4967,N326PQ,ARR,JAX,JFK,T4,narrow,10:09,609,618.0,14.0,604.0,9.0,828.0,
2024-07-01,F0210,DL,2475,N3765,ARR,TPA,JFK,T4,narrow,10:10,610,594.0,10.0,584.0,-16.0,1005.0,
2024-07-01,F0211,DL,2702,N394DX,ARR,MCO,JFK,T4,narrow,10:17,617,612.0,16.0,596.0,-5.0,944.0,
2024-07-01,F0212,B6,1613,N923JB,DEP,JFK,LAS,T5,narrow,10:20,620,614.0,23.0,637.0,-6.0,2248.0,10:14
2024-07-01,F0213,OO,3863,N261SY,ARR,ORD,JFK,T4,narrow,10:29,629,635.0,11.0,624.0,6.0,740.0,
2024-07-01,F0214,YX,4367,N132HQ,ARR,PIT,JFK,T8,narrow,10:29,629,609.0,11.0,598.0,-20.0,340.0,
2024-07-01,F0215,AA,315,N840NN,ARR,MIA,JFK,T8,narrow,10:29,629,644.0,11.0,633.0,15.0,1089.0,
2024-07-01,F0216,9E,5044,N906XJ,ARR,CVG,JFK,T4,narrow,10:30,630,619.0,12.0,607.0,-11.0,589.0,
2024-07-01,F0217,B6,2503,N994JL,DEP,JFK,SJU,T5,narrow,10:30,630,650.0,17.0,667.0,20.0,1598.0,10:50
2024-07-01,F0218,DL,268,N1604R,DEP,JFK,HNL,T4,narrow,10:30,630,630.0,30.0,660.0,0.0,4983.0,10:30
2024-07-01,F0219,OO,3821,N293SY,ARR,BNA,JFK,T4,narrow,10:32,632,626.0,9.0,617.0,-6.0,765.0,
2024-07-01,F0220,B6,2786,N3125J,ARR,RDU,JFK,T5,narrow,10:35,635,677.0,5.0,672.0,42.0,427.0,
2024-07-01,F0221,YX,4515,N128HQ,DEP,JFK,BNA,T8,narrow,10:40,640,634.0,18.0,652.0,-6.0,765.0,10:34
2024-07-01,F0222,DL,2744,N116DU,ARR,MSP,JFK,T4,narrow,10:50,650,640.0,13.0,627.0,-10.0,1029.0,
2024-07-01,F0223,OO,3814,N250SY,ARR,MKE,JFK,T4,narrow,10:58,658,902.0,14.0,888.0,244.0,745.0,
2024-07-01,F0224,YX,4808,N405YX,ARR,CMH,JFK,T8,narrow,10:58,658,760.0,15.0,745.0,102.0,483.0,
2024-07-01,F0225,9E,5395,N228PQ,DEP,JFK,ORF,T4,narrow,10:59,659,661.0,28.0,689.0,2.0,290.0,11:01
2024-07-01,F0226,AA,688,N991NN,DEP,JFK,MIA,T8,narrow,10:59,659,703.0,35.0,738.0,44.0,1089.0,11:43
2024-07-01,F0227,B6,407,N329JB,ARR,PWM,JFK,T5,narrow,11:00,660,739.0,10.0,729.0,79.0,273.0,
2024-07-01,F0228,B6,523,N946JL,DEP,JFK,LAX,T5,narrow,11:00,660,678.0,34.0,712.0,18.0,2475.0,11:18
2024-07-01,F0229,AA,2287,N9019F,ARR,AUS,JFK,T8,narrow,11:00,660,,,,,1521.0,
2024-07-01,F0230,DL,1854,N920DU,ARR,SJU,JFK,T4,narrow,11:00,660,669.0,7.0,662.0,9.0,1598.0,
2024-07-01,F0231,B6,1401,N599JB,DEP,JFK,FLL,T5,narrow,11:00,660,,,,,1069.0,
2024-07-01,F0232,AA,255,N107NN,DEP,JFK,LAX,T8,narrow,11:00,660,659.0,24.0,683.0,-1.0,2475.0,10:59
2024-07-01,F0233,B6,83,N806JB,DEP,JFK,MCO,T5,narrow,11:00,660,683.0,30.0,713.0,23.0,944.0,11:23
2024-07-01,F0234,B6,2204,N974JT,ARR,SJU,JFK,T5,narrow,11:02,662,678.0,9.0,669.0,16.0,1598.0,
2024-07-01,F0235,DL,1514,N898DN,DEP,JFK,MIA,T4,narrow,11:04,664,689.0,36.0,725.0,25.0,1089.0,11:29
2024-07-01,F0236,F9,3545,N622FR,DEP,JFK,SJU,T4,narrow,11:08,668,686.0,40.0,726.0,18.0,1598.0,11:26
2024-07-01,F0237,DL,680,N702TW,DEP,JFK,SFO,T4,narrow,11:15,675,669.0,19.0,688.0,-6.0,2586.0,11:09
2024-07-01,F0238,DL,1034,N928DU,ARR,ATL,JFK,T4,narrow,11:18,678,679.0,28.0,651.0,1.0,760.0,
2024-07-01,F0239,DL,305,N389DN,DEP,JFK,FLL,T4,narrow,11:18,678,767.0,21.0,788.0,89.0,1069.0,12:47
2024-07-01,F0240,OO,3965,N293SY,DEP,JFK,IAD,T4,narrow,11:19,679,678.0,20.0,698.0,-1.0,228.0,11:18
2024-07-01,F0241,9E,5070,N906XJ,DEP,JFK,CLT,T4,narrow,11:20,680,683.0,45.0,728.0,3.0,541.0,11:23
2024-07-01,F0242,B6,2417,N987JT,ARR,BOS,JFK,T5,narrow,11:22,682,824.0,10.0,814.0,142.0,187.0,
2024-07-01,F0243,YX,4322,N424YX,ARR,CVG,JFK,T8,narrow,11:24,684,672.0,11.0,661.0,-12.0,589.0,
2024-07-01,F0244,DL,1250,N3765,DEP,JFK,AUS,T4,narrow,11:26,686,683.0,34.0,717.0,-3.0,1521.0,11:23
2024-07-01,F0245,DL,2090,N394DX,DEP,JFK,MCO,T4,narrow,11:27,687,687.0,15.0,702.0,0.0,944.0,11:27
2024-07-01,F0246,B6,1074,N3194J,ARR,BNA,JFK,T5,narrow,11:28,688,707.0,7.0,700.0,19.0,765.0,
2024-07-01,F0247,B6,718,N3125J,DEP,JFK,BOS,T5,narrow,11:29,689,735.0,17.0,752.0,46.0,187.0,12:15
2024-07-01,F0248,AA,2643,N840NN,DEP,JFK,CLT,T8,narrow,11:29,689,702.0,32.0,734.0,13.0,541.0,11:42
2024-07-01,F0249,9E,5294,N329PQ,ARR,RDU,JFK,T4,narrow,11:29,689,670.0,7.0,663.0,-19.0,427.0,
2024-07-01,F0250,OO,3730,N261SY,DEP,JFK,ORD,T4,narrow,11:29,689,686.0,21.0,707.0,-3.0,740.0,11:26
2024-07-01,F0251,YX,4687,N132HQ,DEP,JFK,ORH,T8,narrow,11:30,690,686.0,34.0,720.0,-4.0,150.0,11:26
2024-07-01,F0252,B6,520,N3185J,ARR,ATL,JFK,T5,narrow,11:30,690,682.0,8.0,674.0,-8.0,760.0,
2024-07-01,F0253,DL,337,N511DE,DEP,JFK,SEA,T4,narrow,11:30,690,697.0,35.0,732.0,7.0,2422.0,11:37
2024-07-01,F0254,DL,807,N575DN,DEP,JFK,LAS,T4,narrow,11:30,690,692.0,41.0,733.0,2.0,2248.0,11:32
2024-07-01,F0255,B6,602,N653JB,ARR,FLL,JFK,T5,narrow,11:32,692,695.0,7.0,688.0,3.0,1069.0,
2024-07-01,F0256,DL,917,N526DE,DEP,JFK,SLC,T4,narrow,11:33,693,693.0,30.0,723.0,0.0,1990.0,11:33
2024-07-01,F0257,B6,1338,N329JB,DEP,JFK,MVY,T5,narrow,11:35,695,867.0,40.0,907.0,172.0,173.0,14:27
2024-07-01,F0258,DL,2414,N116DU,DEP,JFK,MSP,T4,narrow,11:45,705,705.0,34.0,739.0,0.0,1029.0,11:45
2024-07-01,F0259,AS,19,N966AK,DEP,JFK,PDX,T7,narrow,11:45,705,789.0,22.0,811.0,84.0,2454.0,13:09
2024-07-01,F0260,AS,23,N413AS,DEP,JFK,SEA,T7,narrow,11:45,705,825.0,34.0,859.0,120.0,2422.0,13:45
2024-07-01,F0261,YX,4369,N107HQ,ARR,BOS,JFK,T8,narrow,11:49,709,720.0,13.0,707.0,11.0,187.0,
2024-07-01,F0262,DL,773,N171DN,DEP,JFK,LAX,T4,narrow,11:55,715,713.0,32.0,745.0,-2.0,2475.0,11:53
2024-07-01,F0263,YX,5720,N211JQ,ARR,BOS,JFK,T8,narrow,12:00,720,708.0,9.0,699.0,-12.0,187.0,
2024-07-01,F0264,B6,404,N965JT,ARR,SJU,JFK,T5,narrow,12:00,720,730.0,4.0,726.0,10.0,1598.0,
2024-07-01,F0265,OO,3763,N250SY,DEP,JFK,MKE,T4,narrow,12:00,720,948.0,18.0,966.0,228.0,745.0,15:48
2024-07-01,F0266,YX,5856,N208JQ,ARR,RIC,JFK,T8,narrow,12:00,720,765.0,9.0,756.0,45.0,288.0,
2024-07-01,F0267,YX,4353,N424YX,DEP,JFK,IND,T8,narrow,12:00,720,711.0,33.0,744.0,-9.0,665.0,11:51
2024-07-01,F0268,DL,454,N121DU,ARR,DFW,JFK,T4,narrow,12:02,722,703.0,10.0,693.0,-19.0,1391.0,
2024-07-01,F0269,B6,503,N974JT,DEP,JFK,SJU,T5,narrow,12:02,722,752.0,16.0,768.0,30.0,1598.0,12:32
2024-07-01,F0270,YX,4378,N107HQ,DEP,JFK,RDU,T8,narrow,12:04,724,796.0,27.0,823.0,72.0,427.0,13:16
2024-07-01,F0271,AA,3002,N324RN,ARR,MIA,JFK,T8,narrow,12:04,724,704.0,9.0,695.0,-20.0,1089.0,
2024-07-01,F0272,YX,4588,N431YX,ARR,CLE,JFK,T8,narrow,12:09,729,752.0,13.0,739.0,23.0,425.0,
2024-07-01,F0273,9E,5436,N310PQ,ARR,SYR,JFK,T4,narrow,12:09,729,725.0,6.0,719.0,-4.0,209.0,
2024-07-01,F0274,9E,5095,N294PQ,ARR,DTW,JFK,T4,narrow,12:09,729,734.0,11.0,723.0,5.0,509.0,
2024-07-01,F0275,DL,1411,N370NW,ARR,AUS,JFK,T4,narrow,12:11,731,,,,,1521.0,
2024-07-01,F0276,B6,92,N354JB,ARR,ACK,JFK,T5,narrow,12:13,733,721.0,8.0,713.0,-12.0,199.0,
2024-07-01,F0277,B6,285,N3189J,DEP,JFK,RDU,T5,narrow,12:15,735,785.0,28.0,813.0,50.0,427.0,13:05
2024-07-01,F0278,AA,3001,N323SG,DEP,JFK,MIA,T8,narrow,12:15,735,735.0,18.0,753.0,0.0,1089.0,12:15
2024-07-01,F0279,B6,2719,N3185J,DEP,JFK,ATL,T5,narrow,12:16,736,739.0,17.0,756.0,3.0,760.0,12:19
2024-07-01,F0280,B6,1054,N3157J,ARR,PBI,JFK,T5,narrow,12:19,739,783.0,10.0,773.0,44.0,1028.0,
2024-07-01,F0281,9E,5072,N329PQ,DEP,JFK,RDU,T4,narrow,12:20,740,733.0,17.0,750.0,-7.0,427.0,12:13
2024-07-01,F0282,DL,1961,N920DU,DEP,JFK,SJU,T4,narrow,12:29,749,855.0,37.0,892.0,106.0,1598.0,14:15
2024-07-01,F0283,DL,2342,N928DU,DEP,JFK,ATL,T4,narrow,12:29,749,750.0,15.0,765.0,1.0,760.0,12:30
2024-07-01,F0284,DL,336,N503DZ,ARR,DEN,JFK,T4,narrow,12:30,750,978.0,8.0,970.0,228.0,1626.0,
2024-07-01,F0285,B6,1273,N3194J,DEP,JFK,CHS,T5,narrow,12:30,750,766.0,21.0,787.0,16.0,636.0,12:46
2024-07-01,F0286,B6,1584,N535JB,ARR,MCO,JFK,T5,narrow,12:38,758,742.0,12.0,730.0,-16.0,944.0,
2024-07-01,F0287,9E,5535,N331PQ,ARR,BUF,JFK,T4,narrow,12:40,760,762.0,10.0,752.0,2.0,301.0,
2024-07-01,F0288,B6,342,N708JB,ARR,SAV,JFK,T5,narrow,12:43,763,747.0,11.0,736.0,-16.0,718.0,
2024-07-01,F0289,B6,1901,N3139J,ARR,BUF,JFK,T5,narrow,12:43,763,802.0,5.0,797.0,39.0,301.0,
2024-07-01,F0290,9E,5052,N348PQ,ARR,CLT,JFK,T4,narrow,12:45,765,761.0,8.0,753.0,-4.0,541.0,
2024-07-01,F0291,B6,1002,N587JB,ARR,FLL,JFK,T5,narrow,12:47,767,773.0,5.0,768.0,6.0,1069.0,
2024-07-01,F0292,YX,4300,N431YX,DEP,JFK,CLE,T8,narrow,12:49,769,779.0,26.0,805.0,10.0,425.0,12:59
2024-07-01,F0293,YX,5843,N211JQ,DEP,JFK,MVY,T8,narrow,12:50,770,763.0,17.0,780.0,-7.0,173.0,12:43
2024-07-01,F0294,B6,295,N806JB,DEP,JFK,AUS,T5,narrow,12:55,775,,,,,1521.0,
2024-07-01,F0295,YX,5836,N208JQ,DEP,JFK,ACK,T8,narrow,12:55,775,835.0,24.0,859.0,60.0,199.0,13:55
2024-07-01,F0296,9E,4881,N315PQ,ARR,CLE,JFK,T4,narrow,12:57,777,766.0,7.0,759.0,-11.0,425.0,
2024-07-01,F0297,B6,217,N3142J,ARR,BOS,JFK,T5,narrow,12:59,779,856.0,8.0,848.0,77.0,187.0,
2024-07-01,F0298,9E,4925,N304PQ,ARR,JAX,JFK,T4,narrow,12:59,779,,,,,828.0,
2024-07-01,F0299,9E,5296,N326PQ,DEP,JFK,BUF,T4,narrow,12:59,779,782.0,25.0,807.0,3.0,301.0,13:02
2024-07-01,F0300,B6,1274,N3023J,ARR,CHS,JFK,T5,narrow,12:59,779,893.0,5.0,888.0,114.0,636.0,
2024-07-01,F0301,9E,5015,N304PQ,ARR,CHS,JFK,T4,narrow,12:59,779,804.0,12.0,792.0,25.0,636.0,
2024-07-01,F0302,DL,1035,N121DU,DEP,JFK,JAX,T4,narrow,12:59,779,779.0,25.0,804.0,0.0,828.0,12:59
2024-07-01,F0303,B6,126,N2039J,ARR,TPA,JFK,T5,narrow,12:59,779,766.0,5.0,761.0,-13.0,1005.0,
2024-07-01,F0304,9E,4876,N294PQ,DEP,JFK,DTW,T4,narrow,12:59,779,777.0,20.0,797.0,-2.0,509.0,12:57
2024-07-01,F0305,AA,2829,N324RN,DEP,JFK,PHX,T8,narrow,12:59,779,777.0,26.0,803.0,-2.0,2153.0,12:57
2024-07-01,F0306,AS,15,N569AS,DEP,JFK,SFO,T7,narrow,13:00,780,786.0,24.0,810.0,6.0,2586.0,13:06
2024-07-01,F0307,AA,2812,N4032T,ARR,CLT,JFK,T8,narrow,13:00,780,755.0,9.0,746.0,-25.0,541.0,
2024-07-01,F0308,B6,1515,N987JT,DEP,JFK,SFO,T5,narrow,13:00,780,888.0,14.0,902.0,108.0,2586.0,14:48
2024-07-01,F0309,B6,186,N3157J,DEP,JFK,ROC,T5,narrow,13:04,784,846.0,33.0,879.0,62.0,264.0,14:06
2024-07-01,F0310,B6,2516,N354JB,DEP,JFK,HYA,T5,narrow,13:05,785,782.0,24.0,806.0,-3.0,196.0,13:02
2024-07-01,F0311,B6,1530,N3044J,ARR,RSW,JFK,T5,narrow,13:08,788,799.0,17.0,782.0,11.0,1074.0,
2024-07-01,F0312,9E,5009,N187GJ,ARR,RDU,JFK,T4,narrow,13:12,792,777.0,6.0,771.0,-15.0,427.0,
2024-07-01,F0313,DL,1167,N370NW,DEP,JFK,AUS,T4,narrow,13:16,796,796.0,20.0,816.0,0.0,1521.0,13:16
2024-07-01,F0314,DL,2466,N704X,ARR,ATL,JFK,T4,narrow,13:17,797,833.0,20.0,813.0,36.0,760.0,
2024-07-01,F0315,B6,678,N3156J,ARR,JAX,JFK,T5,narrow,13:19,799,793.0,6.0,787.0,-6.0,828.0,
2024-07-01,F0316,9E,5330,N931XJ,ARR,ROC,JFK,T4,narrow,13:25,805,796.0,11.0,785.0,-9.0,264.0,
2024-07-01,F0317,9E,4965,N195PQ,ARR,SAV,JFK,T4,narrow,13:25,805,802.0,8.0,794.0,-3.0,718.0,
2024-07-01,F0318,AA,820,N980AN,ARR,DFW,JFK,T8,narrow,13:28,808,786.0,8.0,778.0,-22.0,1391.0,
2024-07-01,F0319,YX,4395,N433YX,DEP,JFK,CVG,T8,narrow,13:29,809,803.0,18.0,821.0,-6.0,589.0,13:23
2024-07-01,F0320,B6,679,N3139J,DEP,JFK,MKE,T5,narrow,13:29,809,856.0,37.0,893.0,47.0,745.0,14:16
2024-07-01,F0321,YX,4712,N121HQ,ARR,BNA,JFK,T8,narrow,13:29,809,838.0,17.0,821.0,29.0,765.0,
2024-07-01,F0322,YX,5602,N236JQ,ARR,DCA,JFK,T8,narrow,13:30,810,792.0,15.0,777.0,-18.0,213.0,
2024-07-01,F0323,B6,164,N729JB,ARR,SRQ,JFK,T5,narrow,13:35,815,799.0,4.0,795.0,-16.0,1041.0,
2024-07-01,F0324,9E,5405,N348PQ,DEP,JFK,PWM,T4,narrow,13:35,815,816.0,22.0,838.0,1.0,273.0,13:36
2024-07-01,F0325,9E,5315,N331PQ,DEP,JFK,ITH,T4,narrow,13:35,815,810.0,20.0,830.0,-5.0,189.0,13:30
2024-07-01,F0326,9E,5287,N678CA,ARR,BTV,JFK,T4,narrow,13:40,820,798.0,7.0,791.0,-22.0,266.0,
2024-07-01,F0327,B6,218,N3023J,DEP,JFK,BOS,T5,narrow,13:44,824,956.0,32.0,988.0,132.0,187.0,15:56
2024-07-01,F0328,B6,2592,N970JB,ARR,MIA,JFK,T5,narrow,13:44,824,818.0,4.0,814.0,-6.0,1089.0,
2024-07-01,F0329,DL,2042,N834DN,ARR,TPA,JFK,T4,narrow,13:49,829,823.0,21.0,802.0,-6.0,1005.0,
2024-07-01,F0330,DL,2049,N369DN,ARR,MCO,JFK,T4,narrow,13:49,829,842.0,12.0,830.0,13.0,944.0,
2024-07-01,F0331,9E,5328,N310PQ,DEP,JFK,SYR,T4,narrow,13:50,830,826.0,23.0,849.0,-4.0,209.0,13:46
2024-07-01,F0332,9E,5086,N903XJ,ARR,PIT,JFK,T4,narrow,13:52,832,835.0,9.0,826.0,3.0,340.0,
2024-07-01,F0333,B6,906,N3118J,ARR,ORD,JFK,T5,narrow,13:55,835,826.0,9.0,817.0,-9.0,740.0,
2024-07-01,F0334,9E,4844,N301PQ,ARR,ORF,JFK,T4,narrow,13:55,835,812.0,8.0,804.0,-23.0,290.0,
2024-07-01,F0335,9E,5096,N932XJ,ARR,CVG,JFK,T4,narrow,13:58,838,834.0,12.0,822.0,-4.0,589.0,
2024-07-01,F0336,YX,4551,N412YX,ARR,DCA,JFK,T8,narrow,13:59,839,826.0,18.0,808.0,-13.0,213.0,
2024-07-01,F0337,YX,4315,N102HQ,ARR,CMH,JFK,T8,narrow,13:59,839,824.0,13.0,811.0,-15.0,483.0,
2024-07-01,F0338,YX,4765,N413YX,ARR,RDU,JFK,T8,narrow,13:59,839,842.0,14.0,828.0,3.0,427.0,
2024-07-01,F0339,DL,546,N522DA,ARR,PHX,JFK,T4,narrow,13:59,839,859.0,27.0,832.0,20.0,2153.0,
2024-07-01,F0340,9E,4954,N931XJ,DEP,JFK,SAV,T4,narrow,13:59,839,842.0,24.0,866.0,3.0,718.0,14:02
2024-07-01,F0341,9E,4821,N336PQ,ARR,MCI,JFK,T4,narrow,13:59,839,942.0,7.0,935.0,103.0,1113.0,
2024-07-01,F0342,DL,1006,N111DC,ARR,FLL,JFK,T4,narrow,13:59,839,842.0,18.0,824.0,3.0,1069.0,
2024-07-01,F0343,B6,53,N3044J,DEP,JFK,PBI,T5,narrow,13:59,839,858.0,19.0,877.0,19.0,1028.0,14:18
2024-07-01,F0344,B6,821,N3156J,DEP,JFK,RSW,T5,narrow,14:10,850,853.0,18.0,871.0,3.0,1074.0,14:13
2024-07-01,F0345,DL,2018,N3744F,ARR,PBI,JFK,T4,narrow,14:12,852,896.0,15.0,881.0,44.0,1028.0,
2024-07-01,F0346,B6,82,N608JB,ARR,IAH,JFK,T5,narrow,14:14,854,858.0,17.0,841.0,4.0,1417.0,
2024-07-01,F0347,9E,5028,N304PQ,DEP,JFK,RDU,T4,narrow,14:15,855,858.0,40.0,898.0,3.0,427.0,14:18
2024-07-01,F0348,9E,5059,N187GJ,DEP,JFK,PIT,T4,narrow,14:15,855,854.0,41.0,895.0,-1.0,340.0,14:14
2024-07-01,F0349,9E,5040,N195PQ,DEP,JFK,CLT,T4,narrow,14:15,855,865.0,18.0,883.0,10.0,541.0,14:25
2024-07-01,F0350,DL,1528,N886DN,ARR,MIA,JFK,T4,narrow,14:19,859,924.0,16.0,908.0,65.0,1089.0,
2024-07-01,F0351,YX,5815,N236JQ,DEP,JFK,BOS,T8,narrow,14:20,860,858.0,36.0,894.0,-2.0,187.0,14:18
2024-07-01,F0352,YX,5799,N209JQ,ARR,ORD,JFK,T8,narrow,14:21,861,853.0,16.0,837.0,-8.0,740.0,
2024-07-01,F0353,DL,2380,N903DN,ARR,ATL,JFK,T4,narrow,14:25,865,852.0,7.0,845.0,-13.0,760.0,
2024-07-01,F0354,YX,4734,N121HQ,DEP,JFK,PIT,T8,narrow,14:25,865,868.0,30.0,898.0,3.0,340.0,14:28
2024-07-01,F0355,B6,2824,N978JB,ARR,LAX,JFK,T5,narrow,14:29,869,904.0,15.0,889.0,35.0,2475.0,
2024-07-01,F0356,B6,2993,N3102J,DEP,JFK,MIA,T5,narrow,14:29,869,895.0,17.0,912.0,26.0,1089.0,14:55
2024-07-01,F0357,9E,4984,N135EV,DEP,JFK,IND,T4,narrow,14:30,870,867.0,24.0,891.0,-3.0,665.0,14:27
2024-07-01,F0358,B6,2902,N729JB,DEP,JFK,BUF,T5,narrow,14:30,870,913.0,23.0,936.0,43.0,301.0,15:13
2024-07-01,F0359,DL,747,N174DZ,DEP,JFK,LAX,T4,narrow,14:30,870,888.0,27.0,915.0,18.0,2475.0,14:48
2024-07-01,F0360,B6,1339,N329JB,ARR,MVY,JFK,T5,narrow,14:34,874,1040.0,9.0,1031.0,166.0,173.0,
2024-07-01,F0361,AA,1585,N980AN,DEP,JFK,DFW,T8,narrow,14:35,875,933.0,20.0,953.0,58.0,1391.0,15:33
2024-07-01,F0362,DL,2430,N384DA,ARR,RSW,JFK,T4,narrow,14:35,875,870.0,8.0,862.0,-5.0,1074.0,
2024-07-01,F0363,DL,934,N172DN,ARR,LAX,JFK,T4,narrow,14:35,875,875.0,12.0,863.0,0.0,2475.0,
2024-07-01,F0364,AA,32,N111ZM,ARR,LAX,JFK,T8,narrow,14:35,875,856.0,9.0,847.0,-19.0,2475.0,
2024-07-01,F0365,YX,5649,N214JQ,ARR,CMH,JFK,T8,narrow,14:37,877,892.0,20.0,872.0,15.0,483.0,
2024-07-01,F0366,B6,1216,N986JB,ARR,SFO,JFK,T5,narrow,14:37,877,880.0,15.0,865.0,3.0,2586.0,
2024-07-01,F0367,9E,4976,N480PX,ARR,IND,JFK,T4,narrow,14:39,879,867.0,12.0,855.0,-12.0,665.0,
2024-07-01,F0368,YX,4338,N105HQ,ARR,CVG,JFK,T8,narrow,14:40,880,899.0,15.0,884.0,19.0,589.0,
2024-07-01,F0369,B6,1677,N3118J,DEP,JFK,JAX,T5,narrow,14:40,880,952.0,29.0,981.0,72.0,828.0,15:52
2024-07-01,F0370,OO,3950,N244SY,ARR,IAD,JFK,T4,narrow,14:40,880,933.0,10.0,923.0,53.0,228.0,
2024-07-01,F0371,9E,5012,N903XJ,DEP,JFK,CVG,T4,narrow,14:42,882,885.0,20.0,905.0,3.0,589.0,14:45
2024-07-01,F0372,9E,4975,N301PQ,DEP,JFK,CLE,T4,narrow,14:45,885,880.0,32.0,912.0,-5.0,425.0,14:40
2024-07-01,F0373,AA,332,N805NN,ARR,ORD,JFK,T8,narrow,14:45,885,896.0,14.0,882.0,11.0,740.0,
2024-07-01,F0374,YX,4306,N414YX,ARR,IND,JFK,T8,narrow,14:49,889,911.0,18.0,893.0,22.0,665.0,
2024-07-01,F0375,9E,4818,N932XJ,DEP,JFK,CHS,T4,narrow,14:49,889,896.0,22.0,918.0,7.0,636.0,14:56
2024-07-01,F0376,B6,383,N970JB,DEP,JFK,MCO,T5,narrow,14:50,890,913.0,14.0,927.0,23.0,944.0,15:13
2024-07-01,F0377,YX,4577,N413YX,DEP,JFK,DCA,T8,narrow,14:50,890,919.0,15.0,934.0,29.0,213.0,15:19
2024-07-01,F0378,AA,397,N4032T,DEP,JFK,CLT,T8,narrow,14:50,890,883.0,14.0,897.0,-7.0,541.0,14:43
2024-07-01,F0379,DL,451,N545DE,ARR,PDX,JFK,T4,narrow,14:52,892,871.0,18.0,853.0,-21.0,2454.0,
2024-07-01,F0380,YX,4767,N102HQ,DEP,JFK,CMH,T8,narrow,14:54,894,936.0,22.0,958.0,42.0,483.0,15:36
2024-07-01,F0381,YX,5820,N880RW,ARR,BOS,JFK,T8,narrow,14:55,895,1042.0,29.0,1013.0,147.0,187.0,
2024-07-01,F0382,OO,3785,N253SY,ARR,BNA,JFK,T4,narrow,14:55,895,892.0,6.0,886.0,-3.0,765.0,
2024-07-01,F0383,9E,4906,N678CA,DEP,JFK,MCI,T4,narrow,14:55,895,894.0,25.0,919.0,-1.0,1113.0,14:54
2024-07-01,F0384,YX,4687,N132HQ,ARR,ORH,JFK,T8,narrow,14:58,898,874.0,17.0,857.0,-24.0,150.0,
2024-07-01,F0385,AA,234,N105NN,ARR,SFO,JFK,T8,narrow,14:59,899,862.0,16.0,846.0,-37.0,2586.0,
2024-07-01,F0386,DL,1419,N369DN,DEP,JFK,FLL,T4,narrow,14:59,899,927.0,23.0,950.0,28.0,1069.0,15:27
2024-07-01,F0387,AA,2622,N350RV,ARR,MIA,JFK,T8,narrow,14:59,899,884.0,9.0,875.0,-15.0,1089.0,
2024-07-01,F0388,B6,125,N608JB,DEP,JFK,TPA,T5,narrow,14:59,899,918.0,12.0,930.0,19.0,1005.0,15:18
2024-07-01,F0389,9E,5308,N197PQ,DEP,JFK,BWI,T4,narrow,14:59,899,894.0,23.0,917.0,-5.0,184.0,14:54
2024-07-01,F0390,DL,679,N704X,DEP,JFK,SFO,T4,narrow,14:59,899,904.0,24.0,928.0,5.0,2586.0,15:04
2024-07-01,F0391,DL,2170,N834DN,DEP,JFK,ATL,T4,narrow,14:59,899,913.0,35.0,948.0,14.0,760.0,15:13
2024-07-01,F0392,B6,2223,N976JT,DEP,JFK,LAX,T5,narrow,15:00,900,900.0,15.0,915.0,0.0,2475.0,15:00
2024-07-01,F0393,YX,4388,N405YX,DEP,JFK,CLE,T8,narrow,15:04,904,895.0,24.0,919.0,-9.0,425.0,14:55
2024-07-01,F0394,B6,176,N3138J,ARR,MSY,JFK,T5,narrow,15:05,905,961.0,10.0,951.0,56.0,1182.0,
2024-07-01,F0395,DL,1685,N111DC,DEP,JFK,MCO,T4,narrow,15:09,909,931.0,37.0,968.0,22.0,944.0,15:31
2024-07-01,F0396,B6,1904,N834JB,ARR,SJU,JFK,T5,narrow,15:16,916,953.0,10.0,943.0,37.0,1598.0,
2024-07-01,F0397,DL,1438,N3744F,DEP,JFK,MIA,T4,narrow,15:17,917,970.0,20.0,990.0,53.0,1089.0,16:10
2024-07-01,F0398,DL,457,N503DZ,DEP,JFK,DEN,T4,narrow,15:18,918,1068.0,53.0,1121.0,150.0,1626.0,17:48
2024-07-01,F0399,DL,510,N580DT,ARR,LAS,JFK,T4,narrow,15:25,925,938.0,14.0,924.0,13.0,2248.0,
2024-07-01,F0400,YX,4337,N105HQ,DEP,JFK,CVG,T8,narrow,15:25,925,998.0,24.0,1022.0,73.0,589.0,16:38
2024-07-01,F0401,AA,2624,N355PU,ARR,CLT,JFK,T8,narrow,15:29,929,908.0,14.0,894.0,-21.0,541.0,
2024-07-01,F0402,9E,5301,N336PQ,DEP,JFK,RIC,T4,narrow,15:29,929,1020.0,51.0,1071.0,91.0,288.0,17:00
2024-07-01,F0403,YX,4658,N412YX,DEP,JFK,RDU,T8,narrow,15:29,929,926.0,27.0,953.0,-3.0,427.0,15:26
2024-07-01,F0404,AA,118,N109NN,ARR,LAX,JFK,T8,narrow,15:30,930,932.0,14.0,918.0,2.0,2475.0,
2024-07-01,F0405,YX,5659,N214JQ,DEP,JFK,CMH,T8,narrow,15:30,930,951.0,29.0,980.0,21.0,483.0,15:51
2024-07-01,F0406,OO,3739,N244SY,DEP,JFK,BNA,T4,narrow,15:30,930,982.0,17.0,999.0,52.0,765.0,16:22
2024-07-01,F0407,YX,5783,N209JQ,DEP,JFK,ORD,T8,narrow,15:35,935,933.0,24.0,957.0,-2.0,740.0,15:33
2024-07-01,F0408,DL,2093,N903DN,DEP,JFK,TPA,T4,narrow,15:35,935,930.0,53.0,983.0,-5.0,1005.0,15:30
2024-07-01,F0409,AA,300,N105NN,DEP,JFK,LAX,T8,narrow,15:35,935,938.0,25.0,963.0,3.0,2475.0,15:38
2024-07-01,F0410,DL,1368,N322NB,ARR,MSY,JFK,T4,narrow,15:37,937,942.0,36.0,906.0,5.0,1182.0,
2024-07-01,F0411,YX,4449,N414YX,DEP,JFK,IND,T8,narrow,15:38,938,950.0,24.0,974.0,12.0,665.0,15:50
2024-07-01,F0412,9E,5399,N936XJ,ARR,PWM,JFK,T4,narrow,15:39,939,998.0,15.0,983.0,59.0,273.0,
2024-07-01,F0413,AA,2226,N805NN,DEP,JFK,ORD,T8,narrow,15:40,940,954.0,25.0,979.0,14.0,740.0,15:54
2024-07-01,F0414,DL,367,N549DN,ARR,SAN,JFK,T4,narrow,15:44,944,921.0,9.0,912.0,-23.0,2446.0,
2024-07-01,F0415,DL,1638,N384DA,DEP,JFK,PBI,T4,narrow,15:45,945,942.0,24.0,966.0,-3.0,1028.0,15:42
2024-07-01,F0416,B6,2291,N329JB,DEP,JFK,ACK,T5,narrow,15:45,945,1099.0,32.0,1131.0,154.0,199.0,18:19
2024-07-01,F0417,AS,28,N278AK,ARR,SFO,JFK,T7,narrow,15:45,945,932.0,11.0,921.0,-13.0,2586.0,
2024-07-01,F0418,YX,5699,N211JQ,DEP,JFK,DCA,T8,narrow,15:45,945,1002.0,22.0,1024.0,57.0,213.0,16:42
2024-07-01,F0419,OO,3931,N253SY,DEP,JFK,IAD,T4,narrow,15:45,945,1018.0,22.0,1040.0,73.0,228.0,16:58
2024-07-01,F0420,B6,1802,N956JT,ARR,FLL,JFK,T5,narrow,15:46,946,1063.0,17.0,1046.0,117.0,1069.0,
2024-07-01,F0421,DL,429,N542DE,ARR,SEA,JFK,T4,narrow,15:49,949,939.0,15.0,924.0,-10.0,2422.0,
2024-07-01,F0422,B6,1205,N3138J,DEP,JFK,ORD,T5,narrow,15:50,950,1020.0,39.0,1059.0,70.0,740.0,17:00
2024-07-01,F0423,DL,405,N711ZX,ARR,SFO,JFK,T4,narrow,15:50,950,913.0,11.0,902.0,-37.0,2586.0,
2024-07-01,F0424,DL,738,N175DN,DEP,JFK,LAX,T4,narrow,15:50,950,948.0,46.0,994.0,-2.0,2475.0,15:48
2024-07-01,F0425,B6,1963,N591JB,DEP,JFK,SYR,T5,narrow,15:50,950,964.0,26.0,990.0,14.0,209.0,16:04
2024-07-01,F0426,AS,34,N932AK,ARR,SEA,JFK,T7,narrow,15:56,956,935.0,6.0,929.0,-21.0,2422.0,
2024-07-01,F0427,B6,615,N986JB,DEP,JFK,SFO,T5,narrow,15:59,959,957.0,32.0,989.0,-2.0,2586.0,15:57
2024-07-01,F0428,B6,1211,N942JB,DEP,JFK,LAS,T5,narrow,15:59,959,1019.0,22.0,1041.0,60.0,2248.0,16:59
2024-07-01,F0429,YX,5843,N211JQ,ARR,MVY,JFK,T8,narrow,15:59,959,955.0,15.0,940.0,-4.0,173.0,
2024-07-01,F0430,AA,2305,N111ZM,DEP,JFK,SFO,T8,narrow,15:59,959,954.0,23.0,977.0,-5.0,2586.0,15:54
2024-07-01,F0431,AA,320,N314RH,DEP,JFK,MIA,T8,narrow,15:59,959,1059.0,33.0,1092.0,100.0,1089.0,17:39
2024-07-01,F0432,DL,979,N838MH,ARR,LAX,JFK,T4,narrow,16:00,960,988.0,58.0,930.0,28.0,2475.0,
2024-07-01,F0433,9E,4842,N330PQ,ARR,CLT,JFK,T4,narrow,16:00,960,948.0,10.0,938.0,-12.0,541.0,
2024-07-01,F0434,B6,317,N3115J,ARR,BOS,JFK,T5,narrow,16:01,961,1054.0,16.0,1038.0,93.0,187.0,
2024-07-01,F0435,B6,724,N980JT,ARR,LAX,JFK,T5,narrow,16:01,961,934.0,8.0,926.0,-27.0,2475.0,
2024-07-01,F0436,DL,740,N545DE,DEP,JFK,SEA,T4,narrow,16:05,965,964.0,32.0,996.0,-1.0,2422.0,16:04
2024-07-01,F0437,B6,415,N354JB,ARR,HYA,JFK,T5,narrow,16:05,965,1046.0,14.0,1032.0,81.0,196.0,
2024-07-01,F0438,B6,184,N2086J,ARR,MCO,JFK,T5,narrow,16:07,967,980.0,17.0,963.0,13.0,944.0,
2024-07-01,F0439,YX,5836,N216JQ,ARR,ACK,JFK,T8,narrow,16:10,970,1308.0,15.0,1293.0,338.0,199.0,
2024-07-01,F0440,DL,1387,N341NB,DEP,JFK,MSY,T4,narrow,16:10,970,968.0,18.0,986.0,-2.0,1182.0,16:08
2024-07-01,F0441,YX,4378,N107HQ,ARR,RDU,JFK,T8,narrow,16:19,979,1050.0,16.0,1034.0,71.0,427.0,
2024-07-01,F0442,YX,4515,N128HQ,ARR,BNA,JFK,T8,narrow,16:19,979,979.0,10.0,969.0,0.0,765.0,
2024-07-01,F0443,AA,2,N112AN,ARR,LAX,JFK,T8,narrow,16:20,980,963.0,10.0,953.0,-17.0,2475.0,
2024-07-01,F0444,DL,648,N888DU,ARR,SLC,JFK,T4,narrow,16:20,980,957.0,25.0,932.0,-23.0,1990.0,
2024-07-01,F0445,AA,2423,N355PU,DEP,JFK,DFW,T8,narrow,16:25,985,991.0,25.0,1016.0,6.0,1391.0,16:31
2024-07-01,F0446,AA,306,N109NN,DEP,JFK,LAX,T8,narrow,16:25,985,986.0,39.0,1025.0,1.0,2475.0,16:26
2024-07-01,F0447,YX,4710,N132HQ,DEP,JFK,BNA,T8,narrow,16:26,986,1014.0,21.0,1035.0,28.0,765.0,16:54
2024-07-01,F0448,AA,2339,N314RH,ARR,PHX,JFK,T8,narrow,16:29,989,991.0,18.0,973.0,2.0,2153.0,
2024-07-01,F0449,OO,3829,N306SY,ARR,MKE,JFK,T4,narrow,16:29,989,975.0,15.0,960.0,-14.0,745.0,
2024-07-01,F0450,9E,5077,N936XJ,DEP,JFK,CLT,T4,narrow,16:29,989,1045.0,32.0,1077.0,56.0,541.0,17:25
2024-07-01,F0451,B6,883,N796JB,DEP,JFK,MCO,T5,narrow,16:30,990,989.0,26.0,1015.0,-1.0,944.0,16:29
2024-07-01,F0452,B6,1189,N978JB,DEP,JFK,SAN,T5,narrow,16:30,990,990.0,13.0,1003.0,0.0,2446.0,16:30
2024-07-01,F0453,B6,1604,N903JB,ARR,SJU,JFK,T5,narrow,16:32,992,982.0,14.0,968.0,-10.0,1598.0,
2024-07-01,F0454,DL,887,N522DA,DEP,JFK,SLC,T4,narrow,16:35,995,1010.0,28.0,1038.0,15.0,1990.0,16:50
2024-07-01,F0455,B6,1538,N354JB,DEP,JFK,MVY,T5,narrow,16:40,1000,1093.0,35.0,1128.0,93.0,173.0,18:13
2024-07-01,F0456,DL,2443,N322NB,DEP,JFK,DTW,T4,narrow,16:40,1000,1015.0,33.0,1048.0,15.0,509.0,16:55
2024-07-01,F0457,B6,485,N3157J,ARR,ROC,JFK,T5,narrow,16:44,1004,1084.0,13.0,1071.0,80.0,264.0,
2024-07-01,F0458,B6,86,N3189J,ARR,RDU,JFK,T5,narrow,16:45,1005,1054.0,14.0,1040.0,49.0,427.0,
2024-07-01,F0459,DL,1877,N550DN,ARR,SJU,JFK,T4,narrow,16:49,1009,1070.0,29.0,1041.0,61.0,1598.0,
2024-07-01,F0460,DL,771,N176DZ,DEP,JFK,LAX,T4,narrow,16:50,1010,1038.0,27.0,1065.0,28.0,2475.0,17:18
2024-07-01,F0461,9E,5109,N326PQ,ARR,BUF,JFK,T4,narrow,16:50,1010,1048.0,43.0,1005.0,38.0,301.0,
2024-07-01,F0462,AS,25,N278AK,DEP,JFK,SAN,T7,narrow,16:50,1010,1009.0,56.0,1065.0,-1.0,2446.0,16:49
2024-07-01,F0463,DL,806,N580DT,DEP,JFK,LAS,T4,narrow,16:54,1014,1014.0,33.0,1047.0,0.0,2248.0,16:54
2024-07-01,F0464,9E,5315,N331PQ,ARR,ITH,JFK,T4,narrow,16:54,1014,989.0,5.0,984.0,-25.0,189.0,
2024-07-01,F0465,AS,27,N932AK,DEP,JFK,SFO,T7,narrow,16:56,1016,1008.0,46.0,1054.0,-8.0,2586.0,16:48
2024-07-01,F0466,B6,359,N3115J,DEP,JFK,BUR,T5,narrow,16:59,1019,1129.0,31.0,1160.0,110.0,2465.0,18:49
2024-07-01,F0467,DL,798,N521DT,DEP,JFK,PHX,T4,narrow,16:59,1019,1019.0,51.0,1070.0,0.0,2153.0,16:59
2024-07-01,F0468,YX,4359,N107HQ,DEP,JFK,ORF,T8,narrow,16:59,1019,1083.0,46.0,1129.0,64.0,290.0,18:03
2024-07-01,F0469,B6,624,N983JT,ARR,LAX,JFK,T5,narrow,16:59,1019,1005.0,6.0,999.0,-14.0,2475.0,
2024-07-01,F0470,DL,670,N711ZX,DEP,JFK,SFO,T4,narrow,17:00,1020,1024.0,74.0,1098.0,4.0,2586.0,17:04
2024-07-01,F0471,YX,5793,N229JQ,DEP,JFK,BOS,T8,narrow,17:00,1020,1099.0,45.0,1144.0,79.0,187.0,18:19
2024-07-01,F0472,9E,5150,N330PQ,DEP,JFK,RDU,T4,narrow,17:00,1020,1015.0,53.0,1068.0,-5.0,427.0,16:55
2024-07-01,F0473,DL,438,N136DQ,ARR,DFW,JFK,T4,narrow,17:00,1020,996.0,16.0,980.0,-24.0,1391.0,
2024-07-01,F0474,YX,5802,N229JQ,ARR,BOS,JFK,T8,narrow,17:00,1020,1049.0,27.0,1022.0,29.0,187.0,
2024-07-01,F0475,B6,1501,N834JB,DEP,JFK,FLL,T5,narrow,17:05,1025,1051.0,46.0,1097.0,26.0,1069.0,17:31
2024-07-01,F0476,YX,5778,N880RW,DEP,JFK,BUF,T8,narrow,17:05,1025,1079.0,39.0,1118.0,54.0,301.0,17:59
2024-07-01,F0477,AA,1587,N319TE,DEP,JFK,PHX,T8,narrow,17:10,1030,1029.0,19.0,1048.0,-1.0,2153.0,17:09
2024-07-01,F0478,DL,2661,N302NB,ARR,MSP,JFK,T4,narrow,17:17,1037,1025.0,37.0,988.0,-12.0,1029.0,
2024-07-01,F0479,B6,739,N656JB,DEP,JFK,BQN,T5,narrow,17:19,1039,1049.0,50.0,1099.0,10.0,1576.0,17:29
2024-07-01,F0480,DL,1166,N369NW,ARR,SAT,JFK,T4,narrow,17:19,1039,1032.0,24.0,1008.0,-7.0,1587.0,
2024-07-01,F0481,OO,3723,N306SY,DEP,JFK,MKE,T4,narrow,17:20,1040,1031.0,50.0,1081.0,-9.0,745.0,17:11
2024-07-01,F0482,B6,784,N583JB,ARR,MCO,JFK,T5,narrow,17:28,1048,1065.0,14.0,1051.0,17.0,944.0,
2024-07-01,F0483,B6,1473,N3157J,DEP,JFK,BNA,T5,narrow,17:29,1049,1136.0,30.0,1166.0,87.0,765.0,18:56
2024-07-01,F0484,AA,302,N112AN,DEP,JFK,LAX,T8,narrow,17:29,1049,1048.0,41.0,1089.0,-1.0,2475.0,17:28
2024-07-01,F0485,YX,4804,N128HQ,DEP,JFK,RDU,T8,narrow,17:29,1049,1249.0,15.0,1264.0,200.0,427.0,20:49
2024-07-01,F0486,AA,1095,N350RV,DEP,JFK,MIA,T8,narrow,17:29,1049,1342.0,22.0,1364.0,293.0,1089.0,22:22
2024-07-01,F0487,B6,308,N3189J,DEP,JFK,PWM,T5,narrow,17:30,1050,1130.0,,,80.0,273.0,18:50
2024-07-01,F0488,DL,2293,N888DU,DEP,JFK,ATL,T4,narrow,17:30,1050,1052.0,22.0,1074.0,2.0,760.0,17:32
2024-07-01,F0489,9E,5328,N310PQ,ARR,SYR,JFK,T4,narrow,17:30,1050,1066.0,34.0,1032.0,16.0,209.0,
2024-07-01,F0490,AS,24,N419AS,ARR,SAN,JFK,T7,narrow,17:30,1050,1051.0,6.0,1045.0,1.0,2446.0,
2024-07-01,F0491,OO,3804,N261SY,ARR,ORD,JFK,T4,narrow,17:34,1054,1046.0,25.0,1021.0,-8.0,740.0,
2024-07-01,F0492,AA,2246,N910AN,ARR,DFW,JFK,T8,narrow,17:34,1054,1080.0,15.0,1065.0,26.0,1391.0,
2024-07-01,F0493,AA,936,N9018E,ARR,STT,JFK,T8,narrow,17:35,1055,1042.0,19.0,1023.0,-13.0,1623.0,
2024-07-01,F0494,9E,5299,N326PQ,DEP,JFK,ROC,T4,narrow,17:40,1060,1102.0,41.0,1143.0,42.0,264.0,18:22
2024-07-01,F0495,9E,5023,N480PX,DEP,JFK,CVG,T4,narrow,17:44,1064,1063.0,21.0,1084.0,-1.0,589.0,17:43
2024-07-01,F0496,B6,623,N980JT,DEP,JFK,LAX,T5,narrow,17:45,1065,1064.0,16.0,1080.0,-1.0,2475.0,17:44
2024-07-01,F0497,DL,333,N509DT,ARR,LAS,JFK,T4,narrow,17:45,1065,1143.0,23.0,1120.0,78.0,2248.0,
2024-07-01,F0498,9E,5042,N485PX,ARR,RDU,JFK,T4,narrow,17:49,1069,1065.0,39.0,1026.0,-4.0,427.0,
2024-07-01,F0499,B6,2474,N3194J,ARR,CHS,JFK,T5,narrow,17:49,1069,1072.0,12.0,1060.0,3.0,636.0,
2024-07-01,F0500,DL,353,N827MH,DEP,JFK,LAX,T4,narrow,17:50,1070,1071.0,19.0,1090.0,1.0,2475.0,17:51
2024-07-01,F0501,DL,2398,N538DN,ARR,ATL,JFK,T4,narrow,17:59,1079,1068.0,31.0,1037.0,-11.0,760.0,
2024-07-01,F0502,AA,2038,N8027D,DEP,JFK,CLT,T8,narrow,17:59,1079,1088.0,18.0,1106.0,9.0,541.0,18:08
2024-07-01,F0503,DL,383,N723TW,ARR,SFO,JFK,T4,narrow,17:59,1079,1183.0,11.0,1172.0,104.0,2586.0,
2024-07-01,F0504,DL,1406,N3768,ARR,AUS,JFK,T4,narrow,17:59,1079,1118.0,43.0,1075.0,39.0,1521.0,
2024-07-01,F0505,DL,709,N542DE,DEP,JFK,SAN,T4,narrow,17:59,1079,1083.0,19.0,1102.0,4.0,2446.0,18:03
2024-07-01,F0506,DL,496,N136DQ,DEP,JFK,DFW,T4,narrow,18:00,1080,1126.0,19.0,1145.0,46.0,1391.0,18:46
2024-07-01,F0507,AA,2899,N904NN,ARR,MIA,JFK,T8,narrow,18:00,1080,1097.0,8.0,1089.0,17.0,1089.0,
2024-07-01,F0508,YX,5696,N244JQ,DEP,JFK,PIT,T8,narrow,18:00,1080,1121.0,35.0,1156.0,41.0,340.0,18:41
2024-07-01,F0509,B6,720,N3185J,ARR,ATL,JFK,T5,narrow,18:06,1086,1063.0,8.0,1055.0,-23.0,760.0,
2024-07-01,F0510,9E,4919,N907XJ,DEP,JFK,JAX,T4,narrow,18:10,1090,1089.0,38.0,1127.0,-1.0,828.0,18:09
2024-07-01,F0511,B6,324,N2151J,ARR,LAX,JFK,T5,narrow,18:12,1092,1214.0,11.0,1203.0,122.0,2475.0,
2024-07-01,F0512,B6,483,N652JB,DEP,JFK,MCO,T5,narrow,18:15,1095,1177.0,25.0,1202.0,82.0,944.0,19:37
2024-07-01,F0513,DL,958,N176DN,ARR,LAX,JFK,T4,narrow,18:15,1095,1087.0,32.0,1055.0,-8.0,2475.0,
2024-07-01,F0514,DL,2245,N302NB,DEP,JFK,MSP,T4,narrow,18:17,1097,1103.0,34.0,1137.0,6.0,1029.0,18:23
2024-07-01,F0515,9E,4812,N310PQ,DEP,JFK,CHS,T4,narrow,18:20,1100,1106.0,25.0,1131.0,6.0,636.0,18:26
2024-07-01,F0516,B6,263,N983JT,DEP,JFK,SEA,T5,narrow,18:20,1100,1099.0,36.0,1135.0,-1.0,2422.0,18:19
2024-07-01,F0517,DL,2588,N331NW,ARR,DTW,JFK,T4,narrow,18:22,1102,1084.0,28.0,1056.0,-18.0,509.0,
2024-07-01,F0518,DL,1233,N369NW,DEP,JFK,AUS,T4,narrow,18:24,1104,1102.0,10.0,1112.0,-2.0,1521.0,18:22
2024-07-01,F0519,OO,3709,N261SY,DEP,JFK,ORD,T4,narrow,18:25,1105,1099.0,31.0,1130.0,-6.0,740.0,18:19
2024-07-01,F0520,DL,425,N390DN,ARR,DEN,JFK,T4,narrow,18:25,1105,1138.0,32.0,1106.0,33.0,1626.0,
2024-07-01,F0521,YX,4396,N403YX,ARR,IND,JFK,T8,narrow,18:28,1108,1104.0,21.0,1083.0,-4.0,665.0,
2024-07-01,F0522,B6,904,N958JB,ARR,SJU,JFK,T5,narrow,18:29,1109,1108.0,21.0,1087.0,-1.0,1598.0,
2024-07-01,F0523,AA,485,N910AN,DEP,JFK,MIA,T8,narrow,18:29,1109,1167.0,25.0,1192.0,58.0,1089.0,19:27
2024-07-01,F0524,B6,416,N934JB,ARR,SFO,JFK,T5,narrow,18:30,1110,1161.0,18.0,1143.0,51.0,2586.0,
2024-07-01,F0525,B6,726,N3123J,ARR,SAT,JFK,T5,narrow,18:30,1110,1101.0,15.0,1086.0,-9.0,1587.0,
2024-07-01,F0526,AA,184,N104NN,ARR,LAX,JFK,T8,narrow,18:30,1110,1102.0,11.0,1091.0,-8.0,2475.0,
2024-07-01,F0527,B6,71,N583JB,DEP,JFK,SLC,T5,narrow,18:30,1110,1122.0,19.0,1141.0,12.0,1990.0,18:42
2024-07-01,F0528,B6,2901,N729JB,ARR,BUF,JFK,T5,narrow,18:33,1113,1159.0,14.0,1145.0,46.0,301.0,
2024-07-01,F0529,AS,17,N419AS,DEP,JFK,SEA,T7,narrow,18:33,1113,1113.0,32.0,1145.0,0.0,2422.0,18:33
2024-07-01,F0530,B6,1118,N3194J,DEP,JFK,BOS,T5,narrow,18:35,1115,1132.0,53.0,1185.0,17.0,187.0,18:52
2024-07-01,F0531,9E,4914,N485PX,DEP,JFK,IND,T4,narrow,18:39,1119,1119.0,31.0,1150.0,0.0,665.0,18:39
2024-07-01,F0532,YX,5713,N244JQ,ARR,DCA,JFK,T8,narrow,18:41,1121,1086.0,16.0,1070.0,-35.0,213.0,
2024-07-01,F0533,OO,3928,N276SY,ARR,IAD,JFK,T4,narrow,18:45,1125,1104.0,17.0,1087.0,-21.0,228.0,
2024-07-01,F0534,9E,5308,N197PQ,ARR,BWI,JFK,T4,narrow,18:45,1125,1355.0,10.0,1345.0,230.0,184.0,
2024-07-01,F0535,DL,1514,N898DN,ARR,MIA,JFK,T4,narrow,18:45,1125,1204.0,44.0,1160.0,79.0,1089.0,
2024-07-01,F0536,B6,161,N903JB,DEP,JFK,SMF,T5,narrow,18:45,1125,1124.0,24.0,1148.0,-1.0,2521.0,18:44
2024-07-01,F0537,DL,2090,N394DX,ARR,MCO,JFK,T4,narrow,18:47,1127,1100.0,23.0,1077.0,-27.0,944.0,
2024-07-01,F0538,DL,534,N398DN,ARR,FLL,JFK,T4,narrow,18:49,1129,1125.0,17.0,1108.0,-4.0,1069.0,
2024-07-01,F0539,DL,688,N549DN,DEP,JFK,SEA,T4,narrow,18:55,1135,1135.0,41.0,1176.0,0.0,2422.0,18:55
2024-07-01,F0540,B6,803,N956JT,DEP,JFK,SJU,T5,narrow,18:55,1135,1165.0,40.0,1205.0,30.0,1598.0,19:25
2024-07-01,F0541,B6,2,N3185J,DEP,JFK,BUF,T5,narrow,18:59,1139,1136.0,53.0,1189.0,-3.0,301.0,18:56
2024-07-01,F0542,B6,1498,N612JB,ARR,DEN,JFK,T5,narrow,18:59,1139,1142.0,15.0,1127.0,3.0,1626.0,
2024-07-01,F0543,DL,707,N172DN,DEP,JFK,LAX,T4,narrow,19:00,1140,1164.0,36.0,1200.0,24.0,2475.0,19:24
2024-07-01,F0544,AA,790,N9010R,ARR,CLT,JFK,T8,narrow,19:00,1140,1134.0,15.0,1119.0,-6.0,541.0,
2024-07-01,F0545,YX,4486,N413YX,ARR,DCA,JFK,T8,narrow,19:03,1143,1147.0,21.0,1126.0,4.0,213.0,
2024-07-01,F0546,B6,448,N982JB,ARR,LAS,JFK,T5,narrow,19:04,1144,1143.0,18.0,1125.0,-1.0,2248.0,
2024-07-01,F0547,9E,5053,N935XJ,ARR,CLT,JFK,T4,narrow,19:05,1145,,,,,541.0,
2024-07-01,F0548,DL,1636,N3768,DEP,JFK,TPA,T4,narrow,19:05,1145,1175.0,31.0,1206.0,30.0,1005.0,19:35
2024-07-01,F0549,B6,192,N323JB,ARR,ACK,JFK,T5,narrow,19:05,1145,1137.0,14.0,1123.0,-8.0,199.0,
2024-07-01,F0550,AA,3026,N816AW,ARR,AUS,JFK,T8,narrow,19:10,1150,1155.0,17.0,1138.0,5.0,1521.0,
2024-07-01,F0551,DL,381,N514DE,DEP,JFK,LAS,T4,narrow,19:15,1155,1188.0,28.0,1216.0,33.0,2248.0,19:48
2024-07-01,F0552,DL,863,N538DN,DEP,JFK,SLC,T4,narrow,19:15,1155,1151.0,22.0,1173.0,-4.0,1990.0,19:11
2024-07-01,F0553,YX,4377,N424YX,ARR,BOS,JFK,T8,narrow,19:16,1156,1176.0,44.0,1132.0,20.0,187.0,
2024-07-01,F0554,B6,135,N3123J,DEP,JFK,PHX,T5,narrow,19:17,1157,1163.0,32.0,1195.0,6.0,2153.0,19:23
2024-07-01,F0555,B6,680,N3139J,ARR,MKE,JFK,T5,narrow,19:18,1158,1207.0,9.0,1198.0,49.0,745.0,
2024-07-01,F0556,B6,1084,N537JT,ARR,MCO,JFK,T5,narrow,19:20,1160,1176.0,6.0,1170.0,16.0,944.0,
2024-07-01,F0557,DL,667,N723TW,DEP,JFK,SFO,T4,narrow,19:20,1160,1275.0,20.0,1295.0,115.0,2586.0,21:15
2024-07-01,F0558,B6,918,N729JB,DEP,JFK,BOS,T5,narrow,19:25,1165,1213.0,21.0,1234.0,48.0,187.0,20:13
2024-07-01,F0559,AS,30,N461AS,ARR,SFO,JFK,T7,narrow,19:25,1165,1182.0,8.0,1174.0,17.0,2586.0,
2024-07-01,F0560,9E,4975,N301PQ,ARR,CLE,JFK,T4,narrow,19:26,1166,1161.0,20.0,1141.0,-5.0,425.0,
2024-07-01,F0561,DL,2512,N331NW,DEP,JFK,DTW,T4,narrow,19:27,1167,1161.0,39.0,1200.0,-6.0,509.0,19:21
2024-07-01,F0562,9E,5103,N933XJ,DEP,JFK,RDU,T4,narrow,19:29,1169,1229.0,25.0,1254.0,60.0,427.0,20:29
2024-07-01,F0563,AA,117,N104NN,DEP,JFK,LAX,T8,narrow,19:30,1170,1165.0,39.0,1204.0,-5.0,2475.0,19:25
2024-07-01,F0564,B6,1964,N591JB,ARR,SYR,JFK,T5,narrow,19:30,1170,1166.0,6.0,1160.0,-4.0,209.0,
2024-07-01,F0565,B6,81,N636JB,DEP,JFK,RNO,T5,narrow,19:30,1170,1166.0,17.0,1183.0,-4.0,2411.0,19:26
2024-07-01,F0566,B6,190,N988JT,ARR,SAN,JFK,T5,narrow,19:32,1172,1145.0,12.0,1133.0,-27.0,2446.0,
2024-07-01,F0567,DL,1740,N398DN,DEP,JFK,MCO,T4,narrow,19:35,1175,1209.0,14.0,1223.0,34.0,944.0,20:09
2024-07-01,F0568,9E,4939,N301PQ,DEP,JFK,SAV,T4,narrow,19:36,1176,1215.0,13.0,1228.0,39.0,718.0,20:15
2024-07-01,F0569,OO,3724,N276SY,DEP,JFK,BNA,T4,narrow,19:38,1178,1172.0,37.0,1209.0,-6.0,765.0,19:32
2024-07-01,F0570,AA,16,N102NN,ARR,SFO,JFK,T8,narrow,19:39,1179,1133.0,16.0,1117.0,-46.0,2586.0,
2024-07-01,F0571,B6,355,N972JT,DEP,JFK,ONT,T5,narrow,19:40,1180,1211.0,19.0,1230.0,31.0,2429.0,20:11
2024-07-01,F0572,B6,2023,N947JB,DEP,JFK,LAX,T5,narrow,19:49,1189,1286.0,27.0,1313.0,97.0,2475.0,21:26
2024-07-01,F0573,9E,5036,N935XJ,DEP,JFK,CLT,T4,narrow,19:55,1195,,,,,541.0,
2024-07-01,F0574,YX,5650,N222JQ,ARR,CMH,JFK,T8,narrow,19:56,1196,1176.0,15.0,1161.0,-20.0,483.0,
2024-07-01,F0575,DL,795,N577DN,ARR,LAS,JFK,T4,narrow,19:56,1196,1157.0,18.0,1139.0,-39.0,2248.0,
2024-07-01,F0576,DL,1414,N394DX,DEP,JFK,FLL,T4,narrow,19:57,1197,1205.0,14.0,1219.0,8.0,1069.0,20:05
2024-07-01,F0577,DL,1428,N898DN,DEP,JFK,MIA,T4,narrow,19:59,1199,1296.0,26.0,1322.0,97.0,1089.0,21:36
2024-07-01,F0578,DL,1859,N895DN,DEP,JFK,SJU,T4,narrow,19:59,1199,1246.0,67.0,1313.0,47.0,1598.0,20:46
2024-07-01,F0579,9E,4826,N336PQ,ARR,RIC,JFK,T4,narrow,19:59,1199,1249.0,16.0,1233.0,50.0,288.0,
2024-07-01,F0580,DL,424,N390DN,DEP,JFK,DEN,T4,narrow,19:59,1199,1203.0,29.0,1232.0,4.0,1626.0,20:03
2024-07-01,F0581,YX,5658,N222JQ,DEP,JFK,CMH,T8,narrow,20:00,1200,1219.0,23.0,1242.0,19.0,483.0,20:19
2024-07-01,F0582,B6,1539,N354JB,ARR,MVY,JFK,T5,narrow,20:00,1200,1248.0,6.0,1242.0,48.0,173.0,
2024-07-01,F0583,B6,711,N2151J,DEP,JFK,LAS,T5,narrow,20:00,1200,1289.0,27.0,1316.0,89.0,2248.0,21:29
2024-07-01,F0584,AA,4,N116AN,ARR,LAX,JFK,T8,narrow,20:00,1200,1208.0,23.0,1185.0,8.0,2475.0,
2024-07-01,F0585,B6,283,N955JB,DEP,JFK,MCO,T5,narrow,20:00,1200,1400.0,29.0,1429.0,200.0,944.0,23:20
2024-07-01,F0586,AA,2772,N9010R,DEP,JFK,AUS,T8,narrow,20:00,1200,1195.0,17.0,1212.0,-5.0,1521.0,19:55
2024-07-01,F0587,YX,4305,N405YX,ARR,CLE,JFK,T8,narrow,20:00,1200,1209.0,25.0,1184.0,9.0,425.0,
2024-07-01,F0588,YX,4586,N424YX,DEP,JFK,IND,T8,narrow,20:00,1200,1209.0,30.0,1239.0,9.0,665.0,20:09
2024-07-01,F0589,YX,4611,N413YX,DEP,JFK,PIT,T8,narrow,20:00,1200,1200.0,26.0,1226.0,0.0,340.0,20:00
2024-07-01,F0590,9E,4954,N931XJ,ARR,SAV,JFK,T4,narrow,20:03,1203,1172.0,9.0,1163.0,-31.0,718.0,
2024-07-01,F0591,DL,1035,N121DU,ARR,JAX,JFK,T4,narrow,20:03,1203,1174.0,21.0,1153.0,-29.0,828.0,
2024-07-01,F0592,B6,153,N766JB,DEP,JFK,PBI,T5,narrow,20:05,1205,1207.0,21.0,1228.0,2.0,1028.0,20:07
2024-07-01,F0593,9E,5289,N184GJ,ARR,ROC,JFK,T4,narrow,20:05,1205,1194.0,12.0,1182.0,-11.0,264.0,
2024-07-01,F0594,DL,951,N712TW,ARR,LAX,JFK,T4,narrow,20:10,1210,1190.0,41.0,1149.0,-20.0,2475.0,
2024-07-01,F0595,B6,65,N3139J,DEP,JFK,ABQ,T5,narrow,20:13,1213,1279.0,19.0,1298.0,66.0,1826.0,21:19
2024-07-01,F0596,DL,2190,N524DE,DEP,JFK,ATL,T4,narrow,20:15,1215,1248.0,18.0,1266.0,33.0,760.0,20:48
2024-07-01,F0597,9E,4838,N131EV,ARR,PIT,JFK,T4,narrow,20:15,1215,1190.0,13.0,1177.0,-25.0,340.0,
2024-07-01,F0598,9E,4829,N228PQ,ARR,IND,JFK,T4,narrow,20:16,1216,1226.0,35.0,1191.0,10.0,665.0,
2024-07-01,F0599,DL,791,N576DN,ARR,PHX,JFK,T4,narrow,20:19,1219,1336.0,36.0,1300.0,117.0,2153.0,
2024-07-01,F0600,DL,415,N529DT,ARR,SEA,JFK,T4,narrow,20:19,1219,1171.0,17.0,1154.0,-48.0,2422.0,
2024-07-01,F0601,9E,5507,N279PQ,ARR,CVG,JFK,T4,narrow,20:22,1222,1229.0,8.0,1221.0,7.0,589.0,
2024-07-01,F0602,B6,815,N982JB,DEP,JFK,SFO,T5,narrow,20:25,1225,1215.0,19.0,1234.0,-10.0,2586.0,20:15
2024-07-01,F0603,B6,745,N612JB,DEP,JFK,PSE,T5,narrow,20:25,1225,1317.0,43.0,1360.0,92.0,1617.0,21:57
2024-07-01,F0604,AS,41,N461AS,DEP,JFK,SFO,T7,narrow,20:25,1225,1329.0,22.0,1351.0,104.0,2586.0,22:09
2024-07-01,F0605,DL,684,N507DZ,DEP,JFK,PDX,T4,narrow,20:25,1225,1252.0,24.0,1276.0,27.0,2454.0,20:52
2024-07-01,F0606,B6,97,N562JB,DEP,JFK,DEN,T5,narrow,20:27,1227,1246.0,16.0,1262.0,19.0,1626.0,20:46
2024-07-01,F0607,OO,3731,N316SY,ARR,BNA,JFK,T4,narrow,20:29,1229,1216.0,15.0,1201.0,-13.0,765.0,
2024-07-01,F0608,DL,1768,N6701,ARR,STT,JFK,T4,narrow,20:29,1229,1271.0,90.0,1181.0,42.0,1623.0,
2024-07-01,F0609,YX,4390,N418YX,ARR,CVG,JFK,T8,narrow,20:29,1229,1223.0,14.0,1209.0,-6.0,589.0,
2024-07-01,F0610,9E,4872,N932XJ,ARR,CHS,JFK,T4,narrow,20:29,1229,1240.0,9.0,1231.0,11.0,636.0,
2024-07-01,F0611,AA,177,N102NN,DEP,JFK,SFO,T8,narrow,20:30,1230,1228.0,15.0,1243.0,-2.0,2586.0,20:28
2024-07-01,F0612,DL,668,N717TW,ARR,SFO,JFK,T4,narrow,20:40,1240,1289.0,95.0,1194.0,49.0,2586.0,
2024-07-01,F0613,B6,1678,N3118J,ARR,JAX,JFK,T5,narrow,20:41,1241,1300.0,7.0,1293.0,59.0,828.0,
2024-07-01,F0614,YX,4359,N107HQ,ARR,ORF,JFK,T8,narrow,20:43,1243,1300.0,12.0,1288.0,57.0,290.0,
2024-07-01,F0615,B6,223,N988JT,DEP,JFK,LAX,T5,narrow,20:49,1249,1246.0,24.0,1270.0,-3.0,2475.0,20:46
2024-07-01,F0616,YX,5785,N216JQ,DEP,JFK,DCA,T8,narrow,20:50,1250,1357.0,24.0,1381.0,107.0,213.0,22:37
2024-07-01,F0617,AA,2225,N378SC,ARR,MIA,JFK,T8,narrow,20:51,1251,1282.0,9.0,1273.0,31.0,1089.0,
2024-07-01,F0618,9E,5326,N931XJ,DEP,JFK,ORF,T4,narrow,20:53,1253,1252.0,15.0,1267.0,-1.0,290.0,20:52
2024-07-01,F0619,YX,4629,N422YX,ARR,DCA,JFK,T8,narrow,20:55,1255,1290.0,12.0,1278.0,35.0,213.0,
2024-07-01,F0620,DL,939,N188DN,ARR,LAX,JFK,T4,narrow,20:56,1256,1261.0,47.0,1214.0,5.0,2475.0,
2024-07-01,F0621,B6,2101,N632JB,DEP,JFK,FLL,T5,narrow,20:59,1259,1262.0,28.0,1290.0,3.0,1069.0,21:02
2024-07-01,F0622,DL,671,N502DX,ARR,SLC,JFK,T4,narrow,20:59,1259,1213.0,14.0,1199.0,-46.0,1990.0,
2024-07-01,F0623,DL,2725,N3746H,ARR,AUS,JFK,T4,narrow,20:59,1259,1270.0,7.0,1263.0,11.0,1521.0,
2024-07-01,F0624,B6,1284,N589JB,ARR,MCO,JFK,T5,narrow,21:00,1260,1251.0,3.0,1248.0,-9.0,944.0,
2024-07-01,F0625,DL,2639,N121DU,DEP,JFK,BOS,T4,narrow,21:00,1260,1259.0,16.0,1275.0,-1.0,187.0,20:59
2024-07-01,F0626,B6,1124,N929JB,ARR,LAX,JFK,T5,narrow,21:00,1260,1296.0,13.0,1283.0,36.0,2475.0,
2024-07-01,F0627,B6,1154,N3044J,ARR,PBI,JFK,T5,narrow,21:00,1260,1266.0,10.0,1256.0,6.0,1028.0,
2024-07-01,F0628,B6,1116,N935JB,ARR,SFO,JFK,T5,narrow,21:00,1260,1284.0,9.0,1275.0,24.0,2586.0,
2024-07-01,F0629,B6,2102,N794JB,ARR,FLL,JFK,T5,narrow,21:00,1260,1292.0,11.0,1281.0,32.0,1069.0,
2024-07-01,F0630,AA,185,N110AN,DEP,JFK,LAX,T8,narrow,21:02,1262,1290.0,49.0,1339.0,28.0,2475.0,21:30
2024-07-01,F0631,DL,784,N520DE,DEP,JFK,PHX,T4,narrow,21:06,1266,1294.0,14.0,1308.0,28.0,2153.0,21:34
2024-07-01,F0632,9E,5423,N131EV,DEP,JFK,BWI,T4,narrow,21:10,1270,1270.0,18.0,1288.0,0.0,184.0,21:10
2024-07-01,F0633,B6,2017,N328JB,ARR,BOS,JFK,T5,narrow,21:10,1270,1270.0,10.0,1260.0,0.0,187.0,
2024-07-01,F0634,B6,822,N3156J,ARR,RSW,JFK,T5,narrow,21:13,1273,1268.0,6.0,1262.0,-5.0,1074.0,
2024-07-01,F0635,B6,307,N3044J,ARR,PWM,JFK,T5,narrow,21:14,1274,,,,,273.0,
2024-07-01,F0636,YX,4659,N418YX,DEP,JFK,BOS,T8,narrow,21:20,1280,1275.0,36.0,1311.0,-5.0,187.0,21:15
2024-07-01,F0637,AA,274,N101NN,ARR,LAX,JFK,T8,narrow,21:25,1285,1335.0,28.0,1307.0,50.0,2475.0,
2024-07-01,F0638,YX,5778,N880RW,ARR,BUF,JFK,T8,narrow,21:26,1286,1300.0,16.0,1284.0,14.0,301.0,
2024-07-01,F0639,AA,2292,N917NN,ARR,DFW,JFK,T8,narrow,21:29,1289,1280.0,12.0,1268.0,-9.0,1391.0,
2024-07-01,F0640,DL,685,N577DN,DEP,JFK,SAN,T4,narrow,21:29,1289,1306.0,30.0,1336.0,17.0,2446.0,21:46
2024-07-01,F0641,DL,781,N529DT,DEP,JFK,LAS,T4,narrow,21:29,1289,1310.0,30.0,1340.0,21.0,2248.0,21:50
2024-07-01,F0642,YX,4417,N439YX,ARR,RDU,JFK,T8,narrow,21:29,1289,1278.0,11.0,1267.0,-11.0,427.0,
2024-07-01,F0643,B6,102,N3118J,DEP,JFK,BUF,T5,narrow,21:29,1289,1353.0,33.0,1386.0,64.0,301.0,22:33
2024-07-01,F0644,B6,2583,N608JB,DEP,JFK,MCO,T5,narrow,21:29,1289,1361.0,30.0,1391.0,72.0,944.0,22:41
2024-07-01,F0645,9E,5371,N932XJ,DEP,JFK,SYR,T4,narrow,21:30,1290,1290.0,63.0,1353.0,0.0,209.0,21:30
2024-07-01,F0646,YX,4546,N405YX,DEP,JFK,DCA,T8,narrow,21:30,1290,1334.0,32.0,1366.0,44.0,213.0,22:14
2024-07-01,F0647,DL,752,N712TW,DEP,JFK,LAX,T4,narrow,21:30,1290,1290.0,39.0,1329.0,0.0,2475.0,21:30
2024-07-01,F0648,DL,991,N693DL,ARR,LAX,JFK,T4,narrow,21:40,1300,1355.0,21.0,1334.0,55.0,2475.0,
2024-07-01,F0649,DL,2378,N3755D,ARR,ATL,JFK,T4,narrow,21:40,1300,1346.0,37.0,1309.0,46.0,760.0,
2024-07-01,F0650,OO,3872,N316SY,DEP,JFK,CLE,T4,narrow,21:41,1301,1299.0,55.0,1354.0,-2.0,425.0,21:39
2024-07-01,F0651,B6,2892,N3102J,ARR,MIA,JFK,T5,narrow,21:47,1307,1311.0,13.0,1298.0,4.0,1089.0,
2024-07-01,F0652,YX,5788,N209JQ,ARR,ORD,JFK,T8,narrow,21:50,1310,1288.0,8.0,1280.0,-22.0,740.0,
2024-07-01,F0653,DL,315,N717TW,DEP,JFK,SFO,T4,narrow,21:50,1310,651.0,27.0,678.0,781.0,2586.0,10:51
2024-07-01,F0654,B6,403,N591JB,DEP,JFK,SJU,T5,narrow,21:50,1310,1310.0,48.0,1358.0,0.0,1598.0,21:50
2024-07-01,F0655,AA,2518,N970AN,ARR,ORD,JFK,T8,narrow,21:51,1311,1365.0,14.0,1351.0,54.0,740.0,
2024-07-01,F0656,B6,694,N534JB,ARR,AUS,JFK,T5,narrow,21:52,1312,1335.0,11.0,1324.0,23.0,1521.0,
2024-07-01,F0657,B6,318,N328JB,DEP,JFK,BOS,T5,narrow,21:55,1315,1342.0,36.0,1378.0,27.0,187.0,22:22
2024-07-01,F0658,AA,675,N106NN,ARR,SFO,JFK,T8,narrow,21:57,1317,1357.0,17.0,1340.0,40.0,2586.0,
2024-07-01,F0659,B6,384,N970JB,ARR,MCO,JFK,T5,narrow,21:57,1317,1331.0,19.0,1312.0,14.0,944.0,
2024-07-01,F0660,AA,976,N108NN,ARR,SNA,JFK,T8,narrow,21:57,1317,1383.0,19.0,1364.0,66.0,2454.0,
2024-07-01,F0661,DL,1961,N920DU,ARR,SJU,JFK,T4,narrow,21:57,1317,1395.0,25.0,1370.0,78.0,1598.0,
2024-07-01,F0662,AA,1727,N534UW,ARR,CLT,JFK,T8,narrow,21:58,1318,1369.0,14.0,1355.0,51.0,541.0,
2024-07-01,F0663,B6,1186,N3156J,DEP,JFK,ROC,T5,narrow,21:59,1319,1336.0,33.0,1369.0,17.0,264.0,22:16
2024-07-01,F0664,9E,4910,N678CA,ARR,MCI,JFK,T4,narrow,21:59,1319,1307.0,15.0,1292.0,-12.0,1113.0,
2024-07-01,F0665,B6,2826,N608JB,ARR,TPA,JFK,T5,narrow,21:59,1319,1307.0,5.0,1302.0,-12.0,1005.0,
2024-07-01,F0666,9E,5219,N676CA,ARR,RDU,JFK,T4,narrow,22:00,1320,1301.0,14.0,1287.0,-19.0,427.0,
2024-07-01,F0667,9E,5394,N184GJ,DEP,JFK,ITH,T4,narrow,22:00,1320,1316.0,47.0,1363.0,-4.0,189.0,21:56
2024-07-01,F0668,B6,1206,N3138J,ARR,ORD,JFK,T5,narrow,22:03,1323,1366.0,10.0,1356.0,43.0,740.0,
2024-07-01,F0669,DL,683,N579DT,ARR,SAN,JFK,T4,narrow,22:04,1324,1306.0,34.0,1272.0,-18.0,2446.0,
2024-07-01,F0670,9E,5067,N906XJ,ARR,CLT,JFK,T4,narrow,22:05,1325,1367.0,14.0,1353.0,42.0,541.0,
2024-07-01,F0671,YX,5702,N224JQ,ARR,BOS,JFK,T8,narrow,22:07,1327,1338.0,42.0,1296.0,11.0,187.0,
2024-07-01,F0672,AS,20,N251AK,ARR,SFO,JFK,T7,narrow,22:10,1330,1305.0,20.0,1285.0,-25.0,2586.0,
2024-07-01,F0673,B6,1823,N929JB,DEP,JFK,LAX,T5,narrow,22:10,1330,1370.0,29.0,1399.0,40.0,2475.0,22:50
2024-07-01,F0674,AS,16,N516AS,ARR,SEA,JFK,T7,narrow,22:15,1335,1343.0,25.0,1318.0,8.0,2422.0,
2024-07-01,F0675,DL,1574,N776DE,ARR,PBI,JFK,T4,narrow,22:20,1340,1337.0,11.0,1326.0,-3.0,1028.0,
2024-07-01,F0676,YX,5779,N880RW,DEP,JFK,BUF,T8,narrow,22:20,1340,1407.0,35.0,2.0,67.0,301.0,23:27
2024-07-01,F0677,AA,2201,N113AN,ARR,LAX,JFK,T8,narrow,22:24,1344,1332.0,12.0,1320.0,-12.0,2475.0,
2024-07-01,F0678,B6,1117,N306JB,ARR,BOS,JFK,T5,narrow,22:24,1344,1343.0,21.0,1322.0,-1.0,187.0,
2024-07-01,F0679,DL,363,N713TW,ARR,SFO,JFK,T4,narrow,22:27,1347,1334.0,28.0,1306.0,-13.0,2586.0,
2024-07-01,F0680,YX,4397,N422YX,DEP,JFK,BOS,T8,narrow,22:29,1349,1340.0,33.0,1373.0,-9.0,187.0,22:20
2024-07-01,F0681,B6,148,N923JB,ARR,LAS,JFK,T5,narrow,22:30,1350,1344.0,12.0,1332.0,-6.0,2248.0,
2024-07-01,F0682,DL,1419,N369DN,ARR,FLL,JFK,T4,narrow,22:35,1355,1334.0,8.0,1326.0,-21.0,1069.0,
2024-07-01,F0683,DL,1685,N111DC,ARR,MCO,JFK,T4,narrow,22:37,1357,1340.0,9.0,1331.0,-17.0,944.0,
2024-07-01,F0684,YX,5590,N209JQ,DEP,JFK,PWM,T8,narrow,22:40,1360,1354.0,46.0,1400.0,-6.0,273.0,22:34
2024-07-01,F0685,DL,1706,N378DA,ARR,MIA,JFK,T4,narrow,22:45,1365,1376.0,10.0,1366.0,11.0,1089.0,
2024-07-01,F0686,B6,424,N2105J,ARR,LAX,JFK,T5,narrow,22:49,1369,1344.0,15.0,1329.0,-25.0,2475.0,
2024-07-01,F0687,9E,5151,N676CA,DEP,JFK,BGR,T4,narrow,22:50,1370,1367.0,47.0,1414.0,-3.0,382.0,22:47
2024-07-01,F0688,9E,5481,N678CA,DEP,JFK,BTV,T4,narrow,22:55,1375,1393.0,29.0,1422.0,18.0,266.0,23:13
2024-07-01,F0689,9E,5297,N906XJ,DEP,JFK,ROC,T4,narrow,22:55,1375,1406.0,35.0,1.0,31.0,264.0,23:26
2024-07-01,F0690,B6,1318,N306JB,DEP,JFK,BOS,T5,narrow,22:59,1379,1397.0,32.0,1429.0,18.0,187.0,23:17
2024-07-01,F0691,B6,2903,N952JB,DEP,JFK,SJU,T5,narrow,22:59,1379,34.0,15.0,49.0,95.0,1598.0,00:34
2024-07-01,F0692,AS,18,N483AS,ARR,PDX,JFK,T7,narrow,22:59,1379,1408.0,79.0,1329.0,29.0,2454.0,
2024-07-01,F0693,B6,2403,N794JB,DEP,JFK,BQN,T5,narrow,22:59,1379,1413.0,33.0,6.0,34.0,1576.0,23:33
2024-07-01,F0694,AA,1357,N988NN,ARR,MIA,JFK,T8,narrow,23:00,1380,18.0,13.0,5.0,78.0,1089.0,
2024-07-01,F0695,DL,2093,N903DN,ARR,TPA,JFK,T4,narrow,23:00,1380,1397.0,29.0,1368.0,17.0,1005.0,
2024-07-01,F0696,YX,4539,N439YX,DEP,JFK,RDU,T8,narrow,23:00,1380,1380.0,40.0,1420.0,0.0,427.0,23:00
2024-07-01,F0697,AA,1388,N335SN,ARR,PHX,JFK,T8,narrow,23:21,1401,1390.0,14.0,1376.0,-11.0,2153.0,
2024-07-01,F0698,DL,2934,N365NB,ARR,DTW,JFK,T4,narrow,23:28,1408,1394.0,22.0,1372.0,-14.0,509.0,
2024-07-01,F0699,B6,1474,N3157J,ARR,BNA,JFK,T5,narrow,23:32,1412,20.0,5.0,15.0,48.0,765.0,
2024-07-01,F0700,B6,616,N962JT,ARR,SFO,JFK,T5,narrow,23:42,1422,1423.0,12.0,1411.0,1.0,2586.0,
2024-07-01,F0701,DL,807,N575DN,ARR,LAS,JFK,T4,narrow,23:44,1424,1416.0,17.0,1399.0,-8.0,2248.0,
2024-07-01,F0702,B6,1524,N946JL,ARR,LAX,JFK,T5,narrow,23:47,1427,1433.0,5.0,1428.0,6.0,2475.0,
2024-07-01,F0703,DL,2692,N113DQ,ARR,MSP,JFK,T4,narrow,23:54,1434,10.0,24.0,1426.0,16.0,1029.0,
2024-07-01,F0704,DL,2386,N888DU,ARR,ATL,JFK,T4,narrow,23:56,1436,1437.0,14.0,1423.0,1.0,760.0,
